filename,description,photographer,photographer_url,unsplash_url
high-angle-photography-of-boats-on-water-near-hill-during-daytime-vcu-OZBxxRk.jpg,high-angle photography of boats on water near hill during daytime,Ammie Ngo,https://unsplash.com/@ammiengo,https://unsplash.com/photos/high-angle-photography-of-boats-on-water-near-hill-during-daytime-vcu-OZBxxRk
city-skyline-during-night-time-wUk2U5Wirxg.jpg,city skyline during night time,Tron Le,https://unsplash.com/@tronle_sg,https://unsplash.com/photos/city-skyline-during-night-time-wUk2U5Wirxg
a-train-track-running-through-an-alley-way-niFWqrLdjlE.jpg,a train track running through an alley way,Silver Ringvee,https://unsplash.com/@silverringvee,https://unsplash.com/photos/a-train-track-running-through-an-alley-way-niFWqrLdjlE
a-group-of-boats-floating-on-top-of-a-body-of-water-kG7pOXbBfNs.jpg,a group of boats floating on top of a body of water,Marina Lobato,https://unsplash.com/@mlobatopl,https://unsplash.com/photos/a-group-of-boats-floating-on-top-of-a-body-of-water-kG7pOXbBfNs
aerial-photography-of-green-mountain-3QFQOxGCVmE.jpg,aerial photography of green mountain,Doan Tuan,https://unsplash.com/@danny_pham93,https://unsplash.com/photos/aerial-photography-of-green-mountain-3QFQOxGCVmE
person-riding-black-buffalo-on-green-fields-UB0QiVPsXgc.jpg,person riding black buffalo on green fields,Kiril Dobrev,https://unsplash.com/@kirildobrev,https://unsplash.com/photos/person-riding-black-buffalo-on-green-fields-UB0QiVPsXgc
aerial-view-of-city-at-daytime-9r2yeRccyls.jpg,aerial view of city at daytime,Krisztian Tabori,https://unsplash.com/@ktabori,https://unsplash.com/photos/aerial-view-of-city-at-daytime-9r2yeRccyls
calm-body-of-water-near-mountais-maJ7hJBE654.jpg,calm body of water near mountais,digitalarbyter :),https://unsplash.com/@digitalarbyter,https://unsplash.com/photos/calm-body-of-water-near-mountais-maJ7hJBE654
man-with-sun-hat-ZMdXvd6jGww.jpg,man with sun hat,Giau Tran,https://unsplash.com/@giautran,https://unsplash.com/photos/man-with-sun-hat-ZMdXvd6jGww
a-bridge-over-a-river-WRvasYD88eM.jpg,a bridge over a river,Simon Van Rompaey,https://unsplash.com/@sim0nvr,https://unsplash.com/photos/a-bridge-over-a-river-WRvasYD88eM
boat-surrounder-by-islands--HtfdIHSbsE.jpg,boat surrounder by islands,Warren,https://unsplash.com/@wflwong,https://unsplash.com/photos/boat-surrounder-by-islands--HtfdIHSbsE
person-walking-on-railway-side-between-buildings-at-daytime-lBE-xnnC6OI.jpg,person walking on railway side between buildings at daytime,Thijs Degenkamp,https://unsplash.com/@zerospel,https://unsplash.com/photos/person-walking-on-railway-side-between-buildings-at-daytime-lBE-xnnC6OI
a-city-street-filled-with-lots-of-people-UtbUQWxElVs.jpg,a city street filled with lots of people,Georgios Domouchtsidis,https://unsplash.com/@geodomou,https://unsplash.com/photos/a-city-street-filled-with-lots-of-people-UtbUQWxElVs
brown-and-white-pagoda-on-top-of-brown-mountain-during-daytime-eqWw7Ee85mg.jpg,brown and white pagoda on top of brown mountain during daytime,catherine dionne,https://unsplash.com/@cattdio,https://unsplash.com/photos/brown-and-white-pagoda-on-top-of-brown-mountain-during-daytime-eqWw7Ee85mg
a-chinese-flag-flying-high-in-the-sky-IXJdMf5aCqc.jpg,A chinese flag flying high in the sky,erika m,https://unsplash.com/@epsika,https://unsplash.com/photos/a-chinese-flag-flying-high-in-the-sky-IXJdMf5aCqc
shallow-focus-photo-of-red-plants-TXWv_nkLNUQ.jpg,shallow focus photo of red plants,Trinity Treft,https://unsplash.com/@tphocus,https://unsplash.com/photos/shallow-focus-photo-of-red-plants-TXWv_nkLNUQ
jon-boats-on-river-surrounded-by-trees-T2i2pJ-hJ7w.jpg,jon boats on river surrounded by trees,Ruslan Bardash,https://unsplash.com/@ruslanbardash,https://unsplash.com/photos/jon-boats-on-river-surrounded-by-trees-T2i2pJ-hJ7w
a-group-of-boats-floating-on-top-of-a-body-of-water-mgHW9AIBA18.jpg,a group of boats floating on top of a body of water,Dwayne Dixon,https://unsplash.com/@dwaynamiite,https://unsplash.com/photos/a-group-of-boats-floating-on-top-of-a-body-of-water-mgHW9AIBA18
brown-and-white-concrete-building-near-green-trees-under-white-clouds-during-daytime-NyvBShnGbPw.jpg,brown and white concrete building near green trees under white clouds during daytime,Hoang Anh,https://unsplash.com/@anhlh,https://unsplash.com/photos/brown-and-white-concrete-building-near-green-trees-under-white-clouds-during-daytime-NyvBShnGbPw
lighted-bridge-B76nvP51iew.jpg,lighted bridge,Ngô Thanh Tùng,https://unsplash.com/@thanhtungo,https://unsplash.com/photos/lighted-bridge-B76nvP51iew
green-grass-field-near-green-trees-and-mountains-during-daytime-XsS6fHpjU5o.jpg,green grass field near green trees and mountains during daytime,Steve Le,https://unsplash.com/@babyhero,https://unsplash.com/photos/green-grass-field-near-green-trees-and-mountains-during-daytime-XsS6fHpjU5o
a-field-of-grass-with-a-row-of-trees-on-top-of-it-0CaHnK7PVCo.jpg,A field of grass with a row of trees on top of it,Vu Thang,https://unsplash.com/@ziechedelic,https://unsplash.com/photos/a-field-of-grass-with-a-row-of-trees-on-top-of-it-0CaHnK7PVCo
men-on-boat--tYc6bODtxU.jpg,men on boat,Rafa Prada,https://unsplash.com/@rafaprada,https://unsplash.com/photos/men-on-boat--tYc6bODtxU
man-in-gray-t-shirt-riding-on-black-and-red-trike-5IlWVkw1QvY.jpg,man in gray t-shirt riding on black and red trike,Hoang Anh,https://unsplash.com/@anhlh,https://unsplash.com/photos/man-in-gray-t-shirt-riding-on-black-and-red-trike-5IlWVkw1QvY
aerial-photo-of-waterfalls-during-daytime-Q8g1jjJSXU4.jpg,aerial photo of waterfalls during daytime,Harris Vo,https://unsplash.com/@hoanvokim,https://unsplash.com/photos/aerial-photo-of-waterfalls-during-daytime-Q8g1jjJSXU4
green-book-lot-J-ygvQbilXU.jpg,green book lot,Rod Long,https://unsplash.com/@rodlong,https://unsplash.com/photos/green-book-lot-J-ygvQbilXU
grass-and-tree-field-during-day-XbLH0Szpj6k.jpg,grass and tree field during day,Hà Link,https://unsplash.com/@halink0803,https://unsplash.com/photos/grass-and-tree-field-during-day-XbLH0Szpj6k
brown-concrete-building-under-blue-sky-during-daytime-8QzLXq2R6a0.jpg,brown concrete building under blue sky during daytime,CreateTravel.tv,https://unsplash.com/@greenmarketing,https://unsplash.com/photos/brown-concrete-building-under-blue-sky-during-daytime-8QzLXq2R6a0
aerial-view-of-green-grass-field-y_cD29V4198.jpg,aerial view of green grass field,Léo Nguyen,https://unsplash.com/@leo_nguyen,https://unsplash.com/photos/aerial-view-of-green-grass-field-y_cD29V4198
aerial-view-of-islands-in-a-bay-8-hEg1OuFn8.jpg,Aerial view of islands in a bay.,Ryan Le,https://unsplash.com/@ryan_le,https://unsplash.com/photos/aerial-view-of-islands-in-a-bay-8-hEg1OuFn8
outboard-boat-on-body-of-water-W2KEyYAAvU4.jpg,outboard boat on body of water,Fré Sonneveld,https://unsplash.com/@fresonneveld,https://unsplash.com/photos/outboard-boat-on-body-of-water-W2KEyYAAvU4
a-group-of-people-in-a-small-boat-on-a-river-6Rm7o1eEIgc.jpg,A group of people in a small boat on a river,Jacob Pretorius,https://unsplash.com/@jacobpretorius,https://unsplash.com/photos/a-group-of-people-in-a-small-boat-on-a-river-6Rm7o1eEIgc
green-mountains-under-white-sky-during-daytime-EAhm0Uoq0Y8.jpg,green mountains under white sky during daytime,Dang Cong,https://unsplash.com/@dangcong,https://unsplash.com/photos/green-mountains-under-white-sky-during-daytime-EAhm0Uoq0Y8
woman-walking-near-abandoned-houses-9KYXQdsnxSY.jpg,woman walking near abandoned houses,Dương Trần Quốc,https://unsplash.com/@fanhungry,https://unsplash.com/photos/woman-walking-near-abandoned-houses-9KYXQdsnxSY
white-ceramic-bowl-with-soup-and-green-leaves-rcHHKG01IPY.jpg,white ceramic bowl with soup and green leaves,Vy Huynh,https://unsplash.com/@thanhvy14,https://unsplash.com/photos/white-ceramic-bowl-with-soup-and-green-leaves-rcHHKG01IPY
golden-bridge-held-by-giant-hands-in-vietnam-CsoQ-jm_0vQ.jpg,"Golden bridge, held by giant hands in vietnam.",Linda Gerbec,https://unsplash.com/@lsgerbec,https://unsplash.com/photos/golden-bridge-held-by-giant-hands-in-vietnam-CsoQ-jm_0vQ
red-concrete-temple-at-daytime-WMo1t2nfBk8.jpg,red concrete temple at daytime,Veronica Reverse,https://unsplash.com/@vereverse,https://unsplash.com/photos/red-concrete-temple-at-daytime-WMo1t2nfBk8
a-field-full-of-pink-flowers-and-green-leaves-yA3Yh7i9tdI.jpg,A field full of pink flowers and green leaves,Phú Nguyễn Đạt,https://unsplash.com/@phu99,https://unsplash.com/photos/a-field-full-of-pink-flowers-and-green-leaves-yA3Yh7i9tdI
woman-sitting-in-front-of-displayed-basket-beside-road-m2ktPclG2R8.jpg,woman sitting in front of displayed basket beside road,Chinh Le Duc,https://unsplash.com/@mero_dnt,https://unsplash.com/photos/woman-sitting-in-front-of-displayed-basket-beside-road-m2ktPclG2R8
a-group-of-boats-in-the-water-with-ha-long-bay-in-the-background-TvB_S0cB2ik.jpg,a group of boats in the water with Ha Long Bay in the background,Fuu J,https://unsplash.com/@fuuj,https://unsplash.com/photos/a-group-of-boats-in-the-water-with-ha-long-bay-in-the-background-TvB_S0cB2ik
a-river-running-through-a-lush-green-valley-wl_3yExsNsg.jpg,a river running through a lush green valley,Fernando Strabuli,https://unsplash.com/@fernandostrabuli456,https://unsplash.com/photos/a-river-running-through-a-lush-green-valley-wl_3yExsNsg
red-and-white-train-on-rail-road-during-daytime-vP-N4_E9GcE.jpg,red and white train on rail road during daytime,Long Bún,https://unsplash.com/@longbun,https://unsplash.com/photos/red-and-white-train-on-rail-road-during-daytime-vP-N4_E9GcE
green-tree-in-front-of-store-EusdVyALabU.jpg,green tree in front of store,Hieu Tran,https://unsplash.com/@hieu309,https://unsplash.com/photos/green-tree-in-front-of-store-EusdVyALabU
opened-window-IKgNkrHc4MY.jpg,opened window,Thanti Riess,https://unsplash.com/@thanti_riess,https://unsplash.com/photos/opened-window-IKgNkrHc4MY
a-large-grassy-field-with-a-building-in-the-background-9Kd4T3Dsu04.jpg,a large grassy field with a building in the background,Ryan Le,https://unsplash.com/@ryan_le,https://unsplash.com/photos/a-large-grassy-field-with-a-building-in-the-background-9Kd4T3Dsu04
person-carrying-vegetables-with-basket-fa1U7S6glrc.jpg,person carrying vegetables with basket,René DeAnda,https://unsplash.com/@renedeanda,https://unsplash.com/photos/person-carrying-vegetables-with-basket-fa1U7S6glrc
photo-of-high-rise-buildings-Zj0ICCMaWmk.jpg,photo of high rise buildings,Anh Nguyen,https://unsplash.com/@pwign/collections,https://unsplash.com/photos/photo-of-high-rise-buildings-Zj0ICCMaWmk
rocky-mountain-photography-WpzUT8GXJFc.jpg,rocky mountain photography,Constant Loubier,https://unsplash.com/@constant_lb,https://unsplash.com/photos/rocky-mountain-photography-WpzUT8GXJFc
background-pattern-S4Mzuhyovks.jpg,background pattern,Khoi Tran,https://unsplash.com/@dananghoianphotographer,https://unsplash.com/photos/background-pattern-S4Mzuhyovks
a-person-riding-a-bike-through-a-lush-green-field-LfssD84VV0w.jpg,a person riding a bike through a lush green field,Bach Nguyen,https://unsplash.com/@onetimechopstick,https://unsplash.com/photos/a-person-riding-a-bike-through-a-lush-green-field-LfssD84VV0w
a-group-of-people-standing-on-top-of-a-mountain-8tSX5I6__mU.jpg,a group of people standing on top of a mountain,Vivu Vietnam,https://unsplash.com/@bttsg,https://unsplash.com/photos/a-group-of-people-standing-on-top-of-a-mountain-8tSX5I6__mU
a-bunch-of-lanterns-are-hanging-in-a-room-I8jg_TI6-hc.jpg,a bunch of lanterns are hanging in a room,Sammie Nguyen,https://unsplash.com/@sammienguyen,https://unsplash.com/photos/a-bunch-of-lanterns-are-hanging-in-a-room-I8jg_TI6-hc
man-in-blue-boat-on-body-of-water-during-daytime-q8yPqjpYcxE.jpg,man in blue boat on body of water during daytime,Trang Trinh,https://unsplash.com/@meizhuang,https://unsplash.com/photos/man-in-blue-boat-on-body-of-water-during-daytime-q8yPqjpYcxE
woman-wearing-brown-wicker-hat-AjX1lubyOTg.jpg,woman wearing brown wicker hat,Darren Lawrence,https://unsplash.com/@wild_away,https://unsplash.com/photos/woman-wearing-brown-wicker-hat-AjX1lubyOTg
assorted-color-boat-in-body-of-water-during-daytime-XWpeZIPXdpI.jpg,assorted-color boat in body of water during daytime,Tuân Nguyễn Minh,https://unsplash.com/@tuannguyenminh,https://unsplash.com/photos/assorted-color-boat-in-body-of-water-during-daytime-XWpeZIPXdpI
four-women-holding-hands-while-jumping-MWGVVdVe1jQ.jpg,four women holding hands while jumping,Tuấn Trương,https://unsplash.com/@tnvtuan,https://unsplash.com/photos/four-women-holding-hands-while-jumping-MWGVVdVe1jQ
building-photography-LlsmsdQu4nA.jpg,building photography,Anton Shuvalov,https://unsplash.com/@a8ka,https://unsplash.com/photos/building-photography-LlsmsdQu4nA
white-ceramic-mug-on-brown-wooden-table-qfFSc7c7L8Y.jpg,white ceramic mug on brown wooden table,HyggeLab Concept,https://unsplash.com/@hyggelabconcept,https://unsplash.com/photos/white-ceramic-mug-on-brown-wooden-table-qfFSc7c7L8Y
a-red-and-yellow-flag-hanging-from-the-side-of-a-building-rmZ47uGZPQk.jpg,a red and yellow flag hanging from the side of a building,Rogan Yeoh,https://unsplash.com/@roganyeoh,https://unsplash.com/photos/a-red-and-yellow-flag-hanging-from-the-side-of-a-building-rmZ47uGZPQk
a-wooden-platform-in-a-field-with-mountains-in-the-background-NI-nrcVHXvE.jpg,a wooden platform in a field with mountains in the background,Jean-Baptiste NORE,https://unsplash.com/@jeanbaptistenore,https://unsplash.com/photos/a-wooden-platform-in-a-field-with-mountains-in-the-background-NI-nrcVHXvE
man-in-brown-wicker-basket-HGkuqfGq1Rc.jpg,man in brown wicker basket,Chester Ho,https://unsplash.com/@chesterho,https://unsplash.com/photos/man-in-brown-wicker-basket-HGkuqfGq1Rc
a-group-of-colorful-balloons-xvp6aD44B2k.jpg,a group of colorful balloons,Kyriacos Georgiou,https://unsplash.com/@koullislp,https://unsplash.com/photos/a-group-of-colorful-balloons-xvp6aD44B2k
silhouette-of-mountains-near-calm-body-of-water-GlJDbNpRZzI.jpg,silhouette of mountains near calm body of water,Lewis J Goetz,https://unsplash.com/@lgoetz,https://unsplash.com/photos/silhouette-of-mountains-near-calm-body-of-water-GlJDbNpRZzI
two-men-grilling-food-outdoors-at-night-OlFy3fxSDB8.jpg,Two men grilling food outdoors at night.,Zero,https://unsplash.com/@z3ro,https://unsplash.com/photos/two-men-grilling-food-outdoors-at-night-OlFy3fxSDB8
a-couple-of-people-in-a-boat-on-a-body-of-water-0P6KjLz40RM.jpg,a couple of people in a boat on a body of water,snap shoot,https://unsplash.com/@s_napshoot,https://unsplash.com/photos/a-couple-of-people-in-a-boat-on-a-body-of-water-0P6KjLz40RM
a-large-building-with-a-lot-of-windows-on-top-of-it-DHwKQ9sajcc.jpg,a large building with a lot of windows on top of it,Tam Dang Ngoc,https://unsplash.com/@ngtam,https://unsplash.com/photos/a-large-building-with-a-lot-of-windows-on-top-of-it-DHwKQ9sajcc
lighted-up-concrete-buildings-vGcRek7WS5s.jpg,lighted up concrete buildings,Anton Shuvalov,https://unsplash.com/@a8ka,https://unsplash.com/photos/lighted-up-concrete-buildings-vGcRek7WS5s
an-aerial-view-of-a-city-with-a-clock-tower-TlYBF6NW7Fg.jpg,an aerial view of a city with a clock tower,Vivu Vietnam,https://unsplash.com/@bttsg,https://unsplash.com/photos/an-aerial-view-of-a-city-with-a-clock-tower-TlYBF6NW7Fg
woman-sitting-on-red-chair-tn6ED3kTIJg.jpg,woman sitting on red chair,v2osk,https://unsplash.com/@v2osk,https://unsplash.com/photos/woman-sitting-on-red-chair-tn6ED3kTIJg
boat-sailing-near-islet-during-daytime-HLSWMxPE330.jpg,boat sailing near islet during daytime,Constant Loubier,https://unsplash.com/@constant_lb,https://unsplash.com/photos/boat-sailing-near-islet-during-daytime-HLSWMxPE330
a-street-with-cars-and-buildings-on-the-side-eJiGkI2m6QM.jpg,a street with cars and buildings on the side,Euan Cameron,https://unsplash.com/@euanacameron,https://unsplash.com/photos/a-street-with-cars-and-buildings-on-the-side-eJiGkI2m6QM
brown-boat-in-the-water-surrounded-by-mountains-Uw-BXxYfoQU.jpg,brown boat in the water surrounded by mountains,Jonathan Kalifat,https://unsplash.com/@jonathankalifat,https://unsplash.com/photos/brown-boat-in-the-water-surrounded-by-mountains-Uw-BXxYfoQU
rocky-islands-rise-out-of-the-calm-turquoise-water-F4wRROL81XI.jpg,"Rocky islands rise out of the calm, turquoise water.",Ryan Le,https://unsplash.com/@ryan_le,https://unsplash.com/photos/rocky-islands-rise-out-of-the-calm-turquoise-water-F4wRROL81XI
boat-on-sea-near-rock-formation-under-blue-sky-and-white-clouds-during-daytime-md3_GYB7NlY.jpg,boat on sea near rock formation under blue sky and white clouds during daytime,Kyle Petzer,https://unsplash.com/@kylepetzer,https://unsplash.com/photos/boat-on-sea-near-rock-formation-under-blue-sky-and-white-clouds-during-daytime-md3_GYB7NlY
people-walking-near-brown-concrete-building-during-daytime-lxe9OnfRQWE.jpg,people walking near brown concrete building during daytime,Thái An,https://unsplash.com/@johnn21,https://unsplash.com/photos/people-walking-near-brown-concrete-building-during-daytime-lxe9OnfRQWE
chicago-illinois-skyline-XpGORWJWPi8.jpg,"Chicago, Illinois skyline",Ngô Thanh Tùng,https://unsplash.com/@thanhtungo,https://unsplash.com/photos/chicago-illinois-skyline-XpGORWJWPi8
people-walking-on-market-during-daytime-qMeT1HZaqws.jpg,people walking on market during daytime,Markus Winkler,https://unsplash.com/@markuswinkler,https://unsplash.com/photos/people-walking-on-market-during-daytime-qMeT1HZaqws
a-red-and-yellow-flag-on-a-white-pole-awApc1fxgVQ.jpg,A red and yellow flag on a white pole,Hưng Phạm,https://unsplash.com/@seoling,https://unsplash.com/photos/a-red-and-yellow-flag-on-a-white-pole-awApc1fxgVQ
an-aerial-view-of-a-rice-field-with-mountains-in-the-background-XJoKxVR4tRw.jpg,an aerial view of a rice field with mountains in the background,Huy Hung Trinh,https://unsplash.com/@trinhhuyhung,https://unsplash.com/photos/an-aerial-view-of-a-rice-field-with-mountains-in-the-background-XJoKxVR4tRw
empty-highway-qJQaBMPulBw.jpg,empty highway,Abe Bee,https://unsplash.com/@beeealex,https://unsplash.com/photos/empty-highway-qJQaBMPulBw
a-couple-of-boats-that-are-sitting-in-the-water-o2yDssRqgog.jpg,a couple of boats that are sitting in the water,RE Walsh,https://unsplash.com/@lutruwita_exposure,https://unsplash.com/photos/a-couple-of-boats-that-are-sitting-in-the-water-o2yDssRqgog
brown-concrete-dragon-statue-on-roof--eIHv8rM-UA.jpg,brown concrete dragon statue on roof,Degaharu,https://unsplash.com/@degaharu_,https://unsplash.com/photos/brown-concrete-dragon-statue-on-roof--eIHv8rM-UA
low-angle-photography-of-high-rise-buildings-under-blue-sky-during-daytime-mHY_kASO_Q4.jpg,low angle photography of high rise buildings under blue sky during daytime,CreateTravel.tv,https://unsplash.com/@greenmarketing,https://unsplash.com/photos/low-angle-photography-of-high-rise-buildings-under-blue-sky-during-daytime-mHY_kASO_Q4
a-table-topped-with-bowls-of-food-and-plates-of-food-Gi0zkknkwpg.jpg,a table topped with bowls of food and plates of food,Duong Thinh,https://unsplash.com/@duongtrungthinh,https://unsplash.com/photos/a-table-topped-with-bowls-of-food-and-plates-of-food-Gi0zkknkwpg
person-on-brown-canoe-bot-PfjmUiw1Bgk.jpg,person on brown canoe bot,Raissa Lara Lütolf (-Fasel),https://unsplash.com/@etvoilaraissa,https://unsplash.com/photos/person-on-brown-canoe-bot-PfjmUiw1Bgk
a-group-of-people-in-small-boats-on-a-river-owU4CVUvEyM.jpg,a group of people in small boats on a river,Hieu Do Quang,https://unsplash.com/@magicaleye7,https://unsplash.com/photos/a-group-of-people-in-small-boats-on-a-river-owU4CVUvEyM
a-scenic-view-of-a-valley-with-mountains-in-the-background-BZDac0cXPg4.jpg,a scenic view of a valley with mountains in the background,BehindTheTmuna,https://unsplash.com/@behindthetmuna,https://unsplash.com/photos/a-scenic-view-of-a-valley-with-mountains-in-the-background-BZDac0cXPg4
a-man-riding-a-motorcycle-down-a-street-next-to-a-building-orBDU6KYHIA.jpg,a man riding a motorcycle down a street next to a building,Zuyet Awarmatik,https://unsplash.com/@zuyetawarmatik,https://unsplash.com/photos/a-man-riding-a-motorcycle-down-a-street-next-to-a-building-orBDU6KYHIA
brown-cow-on-brown-grass-field-during-daytime-XPF9W4A3lvM.jpg,brown cow on brown grass field during daytime,Long Bún,https://unsplash.com/@longbun,https://unsplash.com/photos/brown-cow-on-brown-grass-field-during-daytime-XPF9W4A3lvM
aerial-view-of-city-buildings-during-daytime-R4jc8h0Lob8.jpg,aerial view of city buildings during daytime,Caitlin Barnes,https://unsplash.com/@caitlinbarnes,https://unsplash.com/photos/aerial-view-of-city-buildings-during-daytime-R4jc8h0Lob8
a-large-waterfall-with-a-body-of-water-in-front-of-it-mkq4mxuPI4o.jpg,a large waterfall with a body of water in front of it,Danila Danilenko,https://unsplash.com/@danilenkodanila,https://unsplash.com/photos/a-large-waterfall-with-a-body-of-water-in-front-of-it-mkq4mxuPI4o
blue-rowboat-on-body-of-water-surrounded-of-trees-B87VRCWmpqU.jpg,blue rowboat on body of water surrounded of trees,Jack Young,https://unsplash.com/@jackyoung,https://unsplash.com/photos/blue-rowboat-on-body-of-water-surrounded-of-trees-B87VRCWmpqU
a-man-pouring-a-drink-into-a-cup-RHCfWk-4Nfw.jpg,a man pouring a drink into a cup,Jimmy Art Devier,https://unsplash.com/@okjimmy,https://unsplash.com/photos/a-man-pouring-a-drink-into-a-cup-RHCfWk-4Nfw
people-riding-motorcycle-on-road-during-daytime-j4Ju3jsCqv0.jpg,people riding motorcycle on road during daytime,Markus Winkler,https://unsplash.com/@markuswinkler,https://unsplash.com/photos/people-riding-motorcycle-on-road-during-daytime-j4Ju3jsCqv0
a-bunch-of-red-tags-hanging-from-a-tree-ffDjMGY5sJo.jpg,a bunch of red tags hanging from a tree,Mike,https://unsplash.com/@tranvanvosongtoanquan,https://unsplash.com/photos/a-bunch-of-red-tags-hanging-from-a-tree-ffDjMGY5sJo
aerial-view-of-city-buildings-during-daytime-Qun5jJKpVcQ.jpg,aerial view of city buildings during daytime,Polina Rytova,https://unsplash.com/@polina_art,https://unsplash.com/photos/aerial-view-of-city-buildings-during-daytime-Qun5jJKpVcQ
yellow-and-blue-dragon-on-brown-wooden-boat-_yYy9lPu2tY.jpg,yellow and blue dragon on brown wooden boat,Callum Parker,https://unsplash.com/@callump1975,https://unsplash.com/photos/yellow-and-blue-dragon-on-brown-wooden-boat-_yYy9lPu2tY
a-woman-with-long-hair-standing-next-to-a-tree-CPGazmOry7A.jpg,a woman with long hair standing next to a tree,Quỳnh Lê Mạnh,https://unsplash.com/@quynhlmph14759,https://unsplash.com/photos/a-woman-with-long-hair-standing-next-to-a-tree-CPGazmOry7A
person-in-black-jacket-walking-on-gray-asphalt-road-during-daytime-xp1_44GMsyk.jpg,person in black jacket walking on gray asphalt road during daytime,Minh Trần,https://unsplash.com/@gokumacun,https://unsplash.com/photos/person-in-black-jacket-walking-on-gray-asphalt-road-during-daytime-xp1_44GMsyk
a-statue-of-buddha-on-top-of-a-mountain-vpga7DE1YGM.jpg,a statue of buddha on top of a mountain,Vivu Vietnam,https://unsplash.com/@bttsg,https://unsplash.com/photos/a-statue-of-buddha-on-top-of-a-mountain-vpga7DE1YGM
a-group-of-people-on-a-cable-car-above-trees-tFCXYwf5scg.jpg,a group of people on a cable car above trees,Varun Pant,https://unsplash.com/@pantvarun,https://unsplash.com/photos/a-group-of-people-on-a-cable-car-above-trees-tFCXYwf5scg
a-large-body-of-water-filled-with-lots-of-boats-q9rGVhXfwtY.jpg,A large body of water filled with lots of boats,Vivu Vietnam,https://unsplash.com/@bttsg,https://unsplash.com/photos/a-large-body-of-water-filled-with-lots-of-boats-q9rGVhXfwtY
clear-glass-mug-with-black-liquid-on-brown-wooden-table-gLalcHVjSJc.jpg,clear glass mug with black liquid on brown wooden table,Hoang Thanh,https://unsplash.com/@lamhoangthanh13,https://unsplash.com/photos/clear-glass-mug-with-black-liquid-on-brown-wooden-table-gLalcHVjSJc
a-river-running-through-a-lush-green-forest-MHg5jvDg8C0.jpg,A river running through a lush green forest,Jacob Pretorius,https://unsplash.com/@jacobpretorius,https://unsplash.com/photos/a-river-running-through-a-lush-green-forest-MHg5jvDg8C0
city-with-high-rise-buildings-during-night-time-PAAl5T7Kf00.jpg,city with high rise buildings during night time,Mike Swigunski,https://unsplash.com/@mike_swigunski,https://unsplash.com/photos/city-with-high-rise-buildings-during-night-time-PAAl5T7Kf00
a-group-of-red-and-yellow-decorations-hanging-from-a-tree-ixAlNYghqao.jpg,a group of red and yellow decorations hanging from a tree,Ama Journey,https://unsplash.com/@amajourney,https://unsplash.com/photos/a-group-of-red-and-yellow-decorations-hanging-from-a-tree-ixAlNYghqao
a-lush-green-hillside-covered-in-lush-green-grass-RCtykLYUCVY.jpg,a lush green hillside covered in lush green grass,Denis Sobnakov,https://unsplash.com/@sobden,https://unsplash.com/photos/a-lush-green-hillside-covered-in-lush-green-grass-RCtykLYUCVY
five-children-smiling-while-doing-peace-hand-sign-AEaTUnvneik.jpg,five children smiling while doing peace hand sign,Larm Rmah,https://unsplash.com/@larm,https://unsplash.com/photos/five-children-smiling-while-doing-peace-hand-sign-AEaTUnvneik
red-round-fruits-on-green-leaves-JqF4IS65xEg.jpg,red round fruits on green leaves,Dang Cong,https://unsplash.com/@dangcong,https://unsplash.com/photos/red-round-fruits-on-green-leaves-JqF4IS65xEg
silhouette-of-boat-on-sea-during-sunset-SLXA6py4li0.jpg,silhouette of boat on sea during sunset,Thu Nguyen,https://unsplash.com/@emily8103,https://unsplash.com/photos/silhouette-of-boat-on-sea-during-sunset-SLXA6py4li0
a-statue-of-a-person-with-a-hat-on-top-of-a-table-FSKNbG_030w.jpg,a statue of a person with a hat on top of a table,Mạnh Bùi Quang,https://unsplash.com/@manhbqm,https://unsplash.com/photos/a-statue-of-a-person-with-a-hat-on-top-of-a-table-FSKNbG_030w
person-holding-black-round-fruit-Xwy8oomlQI4.jpg,person holding black round fruit,gau xam,https://unsplash.com/@gauxam,https://unsplash.com/photos/person-holding-black-round-fruit-Xwy8oomlQI4
a-large-brown-dog-laying-on-top-of-a-sandy-beach-VCPLu0Bq2Ss.jpg,a large brown dog laying on top of a sandy beach,Ngọc Hữu Nguyễn,https://unsplash.com/@huu1516,https://unsplash.com/photos/a-large-brown-dog-laying-on-top-of-a-sandy-beach-VCPLu0Bq2Ss
selective-focus-photography-of-assorted-potted-flowers-lxh0SjduXDU.jpg,selective focus photography of assorted potted flowers,Eric BARBEAU,https://unsplash.com/@ericbarbeau,https://unsplash.com/photos/selective-focus-photography-of-assorted-potted-flowers-lxh0SjduXDU
a-group-of-people-riding-on-the-back-of-a-motorcycle-PUsU9fAuC9I.jpg,a group of people riding on the back of a motorcycle,Bình Lê,https://unsplash.com/@broknlimos,https://unsplash.com/photos/a-group-of-people-riding-on-the-back-of-a-motorcycle-PUsU9fAuC9I
a-group-of-people-standing-in-front-of-a-building-E4CqrjSCV3o.jpg,A group of people standing in front of a building,Sheila C,https://unsplash.com/@qld_traveller,https://unsplash.com/photos/a-group-of-people-standing-in-front-of-a-building-E4CqrjSCV3o
green-trees-on-mountain-during-daytime-BSPG_vEd1V0.jpg,green trees on mountain during daytime,Jireh Foo,https://unsplash.com/@jirehtakesphotos,https://unsplash.com/photos/green-trees-on-mountain-during-daytime-BSPG_vEd1V0
people-walking-on-street-near-brown-and-black-temple-during-daytime-aPAjEEekNQY.jpg,people walking on street near brown and black temple during daytime,Sandip Roy,https://unsplash.com/@sandiproy_kolkata,https://unsplash.com/photos/people-walking-on-street-near-brown-and-black-temple-during-daytime-aPAjEEekNQY
a-group-of-people-sitting-under-a-tree-next-to-a-body-of-water-FChKE4hhxds.jpg,A group of people sitting under a tree next to a body of water,Claire,https://unsplash.com/@ngnng,https://unsplash.com/photos/a-group-of-people-sitting-under-a-tree-next-to-a-body-of-water-FChKE4hhxds
a-man-working-in-a-factory-with-lots-of-pots-4wlKk1iSm8A.jpg,a man working in a factory with lots of pots,Leonie Clough,https://unsplash.com/@leoniec,https://unsplash.com/photos/a-man-working-in-a-factory-with-lots-of-pots-4wlKk1iSm8A
soup-dish-in-white-ceramic-bowl-EK--nAm-CYM.jpg,soup dish in white ceramic bowl,Hong Anh Duong,https://unsplash.com/@callmehonganh,https://unsplash.com/photos/soup-dish-in-white-ceramic-bowl-EK--nAm-CYM
a-group-of-people-walking-down-a-street-with-dragon-decorations-kCtyU7WBL9I.jpg,A group of people walking down a street with dragon decorations,Rizki Oceano,https://unsplash.com/@roceano,https://unsplash.com/photos/a-group-of-people-walking-down-a-street-with-dragon-decorations-kCtyU7WBL9I
red-pendant-lamp-QtGa-Ur51Jk.jpg,red pendant lamp,Ryan Waring,https://unsplash.com/@ryanwaring,https://unsplash.com/photos/red-pendant-lamp-QtGa-Ur51Jk
two-women-walking-beside-orange-house-rem9J638fPs.jpg,two women walking beside orange house,Kate Ferguson,https://unsplash.com/@ferguskate,https://unsplash.com/photos/two-women-walking-beside-orange-house-rem9J638fPs
a-row-of-red-and-yellow-flags-in-front-of-trees-gwXieEwVbXM.jpg,A row of red and yellow flags in front of trees,Jacob Pretorius,https://unsplash.com/@jacobpretorius,https://unsplash.com/photos/a-row-of-red-and-yellow-flags-in-front-of-trees-gwXieEwVbXM
motorcycles-and-cars-in-a-busy-city-street-ynaG43iu-Cw.jpg,Motorcycles and cars in a busy city street,Cuvii,https://unsplash.com/@cuvii,https://unsplash.com/photos/motorcycles-and-cars-in-a-busy-city-street-ynaG43iu-Cw
a-bunch-of-colorful-lanterns-hanging-from-a-ceiling-NWmBgAF7co4.jpg,a bunch of colorful lanterns hanging from a ceiling,Aoi,https://unsplash.com/@seele1306,https://unsplash.com/photos/a-bunch-of-colorful-lanterns-hanging-from-a-ceiling-NWmBgAF7co4
brown-cow-on-green-grass-field-during-daytime-Bn0h9awzF68.jpg,brown cow on green grass field during daytime,Kimia,https://unsplash.com/@kimia95,https://unsplash.com/photos/brown-cow-on-green-grass-field-during-daytime-Bn0h9awzF68
a-red-flag-is-flying-high-in-the-dark-sky-LXRa7iSorOA.jpg,A red flag is flying high in the dark sky,Nguyen Phan Nam Anh,https://unsplash.com/@dying_apricity,https://unsplash.com/photos/a-red-flag-is-flying-high-in-the-dark-sky-LXRa7iSorOA
a-body-of-water-surrounded-by-mountains-and-trees-9sHHKZBnp4Q.jpg,a body of water surrounded by mountains and trees,StarUniqu3,https://unsplash.com/@vyquangdong,https://unsplash.com/photos/a-body-of-water-surrounded-by-mountains-and-trees-9sHHKZBnp4Q
an-aerial-view-of-a-valley-surrounded-by-mountains-LZo6i_lTSbw.jpg,an aerial view of a valley surrounded by mountains,Huy Nguyen,https://unsplash.com/@huynguyen_pch,https://unsplash.com/photos/an-aerial-view-of-a-valley-surrounded-by-mountains-LZo6i_lTSbw
brown-and-white-temple-under-white-clouds-during-daytime-Ds9P_c-lwMk.jpg,brown and white temple under white clouds during daytime,Jack Young,https://unsplash.com/@jackyoung,https://unsplash.com/photos/brown-and-white-temple-under-white-clouds-during-daytime-Ds9P_c-lwMk
a-couple-of-people-riding-motorcycles-down-a-street-lptBQpO8u0s.jpg,A couple of people riding motorcycles down a street,Irish83,https://unsplash.com/@irish83,https://unsplash.com/photos/a-couple-of-people-riding-motorcycles-down-a-street-lptBQpO8u0s
people-walking-on-bridge-during-daytime-PknaOrb1lVo.jpg,people walking on bridge during daytime,Andreea Popa,https://unsplash.com/@elfcodobelf,https://unsplash.com/photos/people-walking-on-bridge-during-daytime-PknaOrb1lVo
pagoda-surrounded-by-body-of-water-and-mountains-PgSxHidgJHQ.jpg,pagoda surrounded by body of water and mountains,Rowan Heuvel,https://unsplash.com/@insolitus,https://unsplash.com/photos/pagoda-surrounded-by-body-of-water-and-mountains-PgSxHidgJHQ
green-grass-field-near-body-of-water-during-daytime-PeRt3uMmjYM.jpg,green grass field near body of water during daytime,Hoach Le Dinh,https://unsplash.com/@hoachld,https://unsplash.com/photos/green-grass-field-near-body-of-water-during-daytime-PeRt3uMmjYM
people-walking-between-food-stalls-under-chinese-lanterns-tCM6cQjIQ7Q.jpg,people walking between food stalls under chinese lanterns,Chris Slupski,https://unsplash.com/@kslupski,https://unsplash.com/photos/people-walking-between-food-stalls-under-chinese-lanterns-tCM6cQjIQ7Q
man-driving-white-motor-scooter-on-road-yPP08FAft7I.jpg,man driving white motor scooter on road,Tran Phu,https://unsplash.com/@phuhunter142,https://unsplash.com/photos/man-driving-white-motor-scooter-on-road-yPP08FAft7I
brown-and-green-pagoda-temple-under-blue-sky--nosLdNjHY0.jpg,brown and green pagoda temple under blue sky,Degaharu,https://unsplash.com/@degaharu_,https://unsplash.com/photos/brown-and-green-pagoda-temple-under-blue-sky--nosLdNjHY0
man-in-blue-and-white-striped-long-sleeve-shirt-sitting-on-brown-wooden-bench-GFeIKOJNPJY.jpg,man in blue and white striped long sleeve shirt sitting on brown wooden bench,Hai Tran,https://unsplash.com/@nothing_to_say,https://unsplash.com/photos/man-in-blue-and-white-striped-long-sleeve-shirt-sitting-on-brown-wooden-bench-GFeIKOJNPJY
a-train-traveling-down-train-tracks-next-to-a-crowd-of-people-EKFPwbPkDec.jpg,A train traveling down train tracks next to a crowd of people,Ryan Le,https://unsplash.com/@ryan_le,https://unsplash.com/photos/a-train-traveling-down-train-tracks-next-to-a-crowd-of-people-EKFPwbPkDec
high-rise-building-near-body-of-water-during-daytime-soYzQJvctKI.jpg,high-rise building near body of water during daytime,Peter Nguyen,https://unsplash.com/@peterng1618,https://unsplash.com/photos/high-rise-building-near-body-of-water-during-daytime-soYzQJvctKI
brown-wooden-house-on-green-grass-field-near-green-mountains-during-daytime-TMa0l7fdSW8.jpg,brown wooden house on green grass field near green mountains during daytime,Dang Cong,https://unsplash.com/@dangcong,https://unsplash.com/photos/brown-wooden-house-on-green-grass-field-near-green-mountains-during-daytime-TMa0l7fdSW8
person-riding-brown-boat-j59euRsEDTk.jpg,person riding brown boat,Nikhita Singhal,https://unsplash.com/@nikhita,https://unsplash.com/photos/person-riding-brown-boat-j59euRsEDTk
aerial-view-photography-of-brown-pagoda-temple-during-daytime-JF4o7WErDn8.jpg,aerial view photography of brown pagoda temple during daytime,Jonathan Ouimet,https://unsplash.com/@mtlwebdesign,https://unsplash.com/photos/aerial-view-photography-of-brown-pagoda-temple-during-daytime-JF4o7WErDn8
a-group-of-people-walking-down-a-train-track-82_jgTdi51Q.jpg,a group of people walking down a train track,Elric Pxl,https://unsplash.com/@elricpxl,https://unsplash.com/photos/a-group-of-people-walking-down-a-train-track-82_jgTdi51Q
two-women-riding-boat-beside-brown-house-27HacQwqvA0.jpg,two women riding boat beside brown house,Toomas Tartes,https://unsplash.com/@toomastartes,https://unsplash.com/photos/two-women-riding-boat-beside-brown-house-27HacQwqvA0
sailing-brown-boat-xFMPE9PvsTM.jpg,sailing brown boat,Leon Wong,https://unsplash.com/@leonwongpb,https://unsplash.com/photos/sailing-brown-boat-xFMPE9PvsTM
woman-carrying-basket-on-her-shoulder-5pYUt2gEZaA.jpg,woman carrying basket on her shoulder,Hưng Nguyễn Việt,https://unsplash.com/@united_2208,https://unsplash.com/photos/woman-carrying-basket-on-her-shoulder-5pYUt2gEZaA
green-trees-on-body-of-water-during-daytime-QttaHHgHz_w.jpg,green trees on body of water during daytime,diGital Sennin,https://unsplash.com/@digitalsennin,https://unsplash.com/photos/green-trees-on-body-of-water-during-daytime-QttaHHgHz_w
aerial-photography-concrete-buildings-MjYzuyjPUFo.jpg,aerial photography concrete buildings,Tron Le,https://unsplash.com/@tronle_sg,https://unsplash.com/photos/aerial-photography-concrete-buildings-MjYzuyjPUFo
red-and-yellow-lights-on-road-during-night-time-qMWxrV6LieI.jpg,red and yellow lights on road during night time,Andrea De Santis,https://unsplash.com/@santesson89,https://unsplash.com/photos/red-and-yellow-lights-on-road-during-night-time-qMWxrV6LieI
a-group-of-people-in-canoes-paddling-through-a-cave-z944TIu1kZ0.jpg,a group of people in canoes paddling through a cave,Duc Nguyen,https://unsplash.com/@thewhatd,https://unsplash.com/photos/a-group-of-people-in-canoes-paddling-through-a-cave-z944TIu1kZ0
green-bicycle-parked-beside-yellow-concrete-house-at-daytime-V2-lXJlcPbw.jpg,green bicycle parked beside yellow concrete house at daytime,Steve Douglas,https://unsplash.com/@sldoug,https://unsplash.com/photos/green-bicycle-parked-beside-yellow-concrete-house-at-daytime-V2-lXJlcPbw
rice-terraces-during-daytime-Whrmcr_1mjk.jpg,rice terraces during daytime,Doan Tuan,https://unsplash.com/@danny_pham93,https://unsplash.com/photos/rice-terraces-during-daytime-Whrmcr_1mjk
people-walking-on-bridge-with-human-hands-sculpture-during-day-0MKumUvzVF8.jpg,people walking on bridge with human hands sculpture during day,Bui Ngoc,https://unsplash.com/@leporcs,https://unsplash.com/photos/people-walking-on-bridge-with-human-hands-sculpture-during-day-0MKumUvzVF8
time-lapse-photography-of-vehicle-towards-pedestrian-lane-lY87gHWdGNo.jpg,time lapse photography of vehicle towards pedestrian lane,Florian Wehde,https://unsplash.com/@florianwehde,https://unsplash.com/photos/time-lapse-photography-of-vehicle-towards-pedestrian-lane-lY87gHWdGNo
rice-terraces-yW9DcLDYdMw.jpg,rice terraces,Tuệ Nguyễn,https://unsplash.com/@tuelangdu,https://unsplash.com/photos/rice-terraces-yW9DcLDYdMw
city-skyline-during-sunset-with-cloudy-sky-75rWOqdKCdM.jpg,city skyline during sunset with cloudy sky,Peter Nguyen,https://unsplash.com/@peterng1618,https://unsplash.com/photos/city-skyline-during-sunset-with-cloudy-sky-75rWOqdKCdM
city-buildings-beside-body-of-water-Fv7pAQxq3ZU.jpg,city buildings beside body of water,Minh Minh,https://unsplash.com/@jamesemyn,https://unsplash.com/photos/city-buildings-beside-body-of-water-Fv7pAQxq3ZU
brown-and-white-concrete-building-near-sea-itM5EI3VnOk.jpg,brown and white concrete building near sea,VietNam Beautiful,https://unsplash.com/@vietnambeautiful,https://unsplash.com/photos/brown-and-white-concrete-building-near-sea-itM5EI3VnOk
a-landscape-with-trees-and-a-house-EXJPTXw48F4.jpg,a landscape with trees and a house,Damien Kopp,https://unsplash.com/@dpkopp,https://unsplash.com/photos/a-landscape-with-trees-and-a-house-EXJPTXw48F4
woman-paddling-on-boat-B2nGoi1dsI4.jpg,woman paddling on boat,Vince Gx,https://unsplash.com/@vincegx,https://unsplash.com/photos/woman-paddling-on-boat-B2nGoi1dsI4
a-large-number-of-red-balls-on-a-white-floor-yAjoWqXwP6I.jpg,a large number of red balls on a white floor,Quang Lê,https://unsplash.com/@seth_crep,https://unsplash.com/photos/a-large-number-of-red-balls-on-a-white-floor-yAjoWqXwP6I
green-trees-on-mountain-under-white-clouds-during-daytime-FB8lSUHaKaI.jpg,green trees on mountain under white clouds during daytime,Udara Karunarathna,https://unsplash.com/@itsmepodda,https://unsplash.com/photos/green-trees-on-mountain-under-white-clouds-during-daytime-FB8lSUHaKaI
man-sitting-on-railway-mHSjd0KByOc.jpg,man sitting on railway,Chor Tsang,https://unsplash.com/@chortsang,https://unsplash.com/photos/man-sitting-on-railway-mHSjd0KByOc
sunloungers-under-canopy-on-beach-oP6DZnDmrok.jpg,sunloungers under canopy on beach,Vu Nguyen,https://unsplash.com/@vunguyen,https://unsplash.com/photos/sunloungers-under-canopy-on-beach-oP6DZnDmrok
a-beach-with-palm-trees-and-a-white-sand-beach-r6CIzamxaek.jpg,A beach with palm trees and a white sand beach,Vivu Vietnam,https://unsplash.com/@bttsg,https://unsplash.com/photos/a-beach-with-palm-trees-and-a-white-sand-beach-r6CIzamxaek
white-and-black-high-rise-building-rL3wztxbxTo.jpg,white and black high rise building,David Gabrić,https://unsplash.com/@daconja,https://unsplash.com/photos/white-and-black-high-rise-building-rL3wztxbxTo
people-walking-on-park-during-daytime-_1HBMXX4VFk.jpg,people walking on park during daytime,Ajay Karpur,https://unsplash.com/@ajaykarpur,https://unsplash.com/photos/people-walking-on-park-during-daytime-_1HBMXX4VFk
an-aerial-view-of-a-building-surrounded-by-trees-F0lsqrPejnE.jpg,an aerial view of a building surrounded by trees,Minh Nhat Doan,https://unsplash.com/@nhatminh23,https://unsplash.com/photos/an-aerial-view-of-a-building-surrounded-by-trees-F0lsqrPejnE
a-red-and-yellow-flag-flying-in-front-of-a-mountain-TdLwuWdiyYk.jpg,A red and yellow flag flying in front of a mountain,Bernd 📷 Dittrich,https://unsplash.com/@hdbernd,https://unsplash.com/photos/a-red-and-yellow-flag-flying-in-front-of-a-mountain-TdLwuWdiyYk
a-small-boat-floating-on-top-of-a-large-body-of-water-Dvtnk9okIR8.jpg,A small boat floating on top of a large body of water,_cventr,https://unsplash.com/@_cventr,https://unsplash.com/photos/a-small-boat-floating-on-top-of-a-large-body-of-water-Dvtnk9okIR8
woman-slicing-vegetable-on-her-bike-stand-near-store-8rViMo16EN0.jpg,woman slicing vegetable on her bike stand near store,Jack Young,https://unsplash.com/@jackyoung,https://unsplash.com/photos/woman-slicing-vegetable-on-her-bike-stand-near-store-8rViMo16EN0
cars-and-motorcycles-on-road-during-daytime-GZkvTnGxL-E.jpg,cars and motorcycles on road during daytime,Josh Stewart,https://unsplash.com/@mixedhype,https://unsplash.com/photos/cars-and-motorcycles-on-road-during-daytime-GZkvTnGxL-E
seashoer-mrBG1zWr73M.jpg,seashoer,Rashel O,https://unsplash.com/@rashel8a,https://unsplash.com/photos/seashoer-mrBG1zWr73M
woman-putting-incense-sticks-on-pot-iXeddfYn5cs.jpg,woman putting incense sticks on pot,Chinh Le Duc,https://unsplash.com/@mero_dnt,https://unsplash.com/photos/woman-putting-incense-sticks-on-pot-iXeddfYn5cs
a-group-of-people-standing-on-top-of-a-body-of-water-3il07gRCne0.jpg,a group of people standing on top of a body of water,Quang Nguyen Vinh,https://unsplash.com/@quangpraha,https://unsplash.com/photos/a-group-of-people-standing-on-top-of-a-body-of-water-3il07gRCne0
colorful-chinese-lanterns-mod_BUOxXh8.jpg,colorful Chinese lanterns,Ethan Hu,https://unsplash.com/@ethanhjy,https://unsplash.com/photos/colorful-chinese-lanterns-mod_BUOxXh8
a-woman-pushing-a-cart-full-of-items-down-a-street-sNAbcaKgfEQ.jpg,a woman pushing a cart full of items down a street,Sebastian Zuchmański,https://unsplash.com/@zuchmanski,https://unsplash.com/photos/a-woman-pushing-a-cart-full-of-items-down-a-street-sNAbcaKgfEQ
a-yellow-and-white-building-with-red-shutters-_SYcaf943H8.jpg,a yellow and white building with red shutters,Olga Pro,https://unsplash.com/@olgapro,https://unsplash.com/photos/a-yellow-and-white-building-with-red-shutters-_SYcaf943H8
person-walking-on-dirt-pathway-im12h2SNCfA.jpg,person walking on dirt pathway,Giau Tran,https://unsplash.com/@giautran,https://unsplash.com/photos/person-walking-on-dirt-pathway-im12h2SNCfA
a-glass-of-water-on-a-table-h0QaLWVOOxA.jpg,a glass of water on a table,Irish83,https://unsplash.com/@irish83,https://unsplash.com/photos/a-glass-of-water-on-a-table-h0QaLWVOOxA
a-group-of-people-standing-on-top-of-a-lush-green-field-HsdhP8O6GU0.jpg,A group of people standing on top of a lush green field,Vu Thang,https://unsplash.com/@ziechedelic,https://unsplash.com/photos/a-group-of-people-standing-on-top-of-a-lush-green-field-HsdhP8O6GU0
a-beach-with-palm-trees-and-three-surfboards-lcEPWkmqXAo.jpg,a beach with palm trees and three surfboards,Vivu Vietnam,https://unsplash.com/@bttsg,https://unsplash.com/photos/a-beach-with-palm-trees-and-three-surfboards-lcEPWkmqXAo
a-row-of-umbrellas-sitting-on-top-of-a-sandy-beach-Rp4HUchyUQY.jpg,a row of umbrellas sitting on top of a sandy beach,Jamison Cameron,https://unsplash.com/@jammytheswan,https://unsplash.com/photos/a-row-of-umbrellas-sitting-on-top-of-a-sandy-beach-Rp4HUchyUQY
white-concrete-house-on-mountain-during-daytime-oUXHcbtsa1o.jpg,white concrete house on mountain during daytime,Hiep Nguyen,https://unsplash.com/@hiepng,https://unsplash.com/photos/white-concrete-house-on-mountain-during-daytime-oUXHcbtsa1o
pair-of-brown-chopsticks-on-white-ceramic-bowl-NhsaAc3SyXg.jpg,pair of brown chopsticks on white ceramic bowl,René DeAnda,https://unsplash.com/@renedeanda,https://unsplash.com/photos/pair-of-brown-chopsticks-on-white-ceramic-bowl-NhsaAc3SyXg
people-riding-on-boat-during-daytime-pOQ1tCiw3Tk.jpg,people riding on boat during daytime,Hieu Do Quang,https://unsplash.com/@magicaleye7,https://unsplash.com/photos/people-riding-on-boat-during-daytime-pOQ1tCiw3Tk
body-of-water-with-buildings-at-distance-with-light-reflection-on-water-surface-qccuAJYQHL0.jpg,body of water with buildings at distance with light reflection on water surface,Cuong Doan,https://unsplash.com/@huyencuong,https://unsplash.com/photos/body-of-water-with-buildings-at-distance-with-light-reflection-on-water-surface-qccuAJYQHL0
a-statue-in-front-of-a-building-UGDNRpo082M.jpg,a statue in front of a building,Stefan K,https://unsplash.com/@stefankst,https://unsplash.com/photos/a-statue-in-front-of-a-building-UGDNRpo082M
aerial-view-of-green-trees-beside-blue-sea-during-daytime-mQTTIAoNHkA.jpg,aerial view of green trees beside blue sea during daytime,Khiem Antony,https://unsplash.com/@khiemantony,https://unsplash.com/photos/aerial-view-of-green-trees-beside-blue-sea-during-daytime-mQTTIAoNHkA
a-statue-of-a-person-60blbCQEFiM.jpg,a statue of a person,Phong Phạm,https://unsplash.com/@pp202,https://unsplash.com/photos/a-statue-of-a-person-60blbCQEFiM
red-yellow-and-green-paper-lanterns-xI5EneMQHLk.jpg,red yellow and green paper lanterns,Alessia Galimberti,https://unsplash.com/@alegalimba,https://unsplash.com/photos/red-yellow-and-green-paper-lanterns-xI5EneMQHLk
a-birds-eye-view-of-a-city-with-a-clock-tower-RRGGuZKWhSk.jpg,A bird's eye view of a city with a clock tower,Vivu Vietnam,https://unsplash.com/@bttsg,https://unsplash.com/photos/a-birds-eye-view-of-a-city-with-a-clock-tower-RRGGuZKWhSk
woman-handing-money-to-person-r284bGzyDm4.jpg,woman handing money to person,Frankie Shutterbug,https://unsplash.com/@frankieshutterbug,https://unsplash.com/photos/woman-handing-money-to-person-r284bGzyDm4
people-walking-on-sidewalk-near-yellow-concrete-building-during-daytime-0MCjA6fLPMo.jpg,people walking on sidewalk near yellow concrete building during daytime,Hieu Tran,https://unsplash.com/@hieu309,https://unsplash.com/photos/people-walking-on-sidewalk-near-yellow-concrete-building-during-daytime-0MCjA6fLPMo
white-concrete-building-with-flag-on-top-under-white-clouds-during-daytime-i5jy3hkuGzU.jpg,white concrete building with flag on top under white clouds during daytime,CreateTravel.tv,https://unsplash.com/@greenmarketing,https://unsplash.com/photos/white-concrete-building-with-flag-on-top-under-white-clouds-during-daytime-i5jy3hkuGzU
white-horse-on-green-grass-field-near-mountain-during-daytime-_i-HY4svGf4.jpg,white horse on green grass field near mountain during daytime,Patrick McGregor,https://unsplash.com/@patricktravelist,https://unsplash.com/photos/white-horse-on-green-grass-field-near-mountain-during-daytime-_i-HY4svGf4
a-close-up-of-a-red-flower-with-a-yellow-center-k3UR_jJSrbU.jpg,A close up of a red flower with a yellow center,Bernd 📷 Dittrich,https://unsplash.com/@hdbernd,https://unsplash.com/photos/a-close-up-of-a-red-flower-with-a-yellow-center-k3UR_jJSrbU
an-aerial-view-of-a-lush-green-valley-HobTanxdqMI.jpg,An aerial view of a lush green valley,Vivu Vietnam,https://unsplash.com/@bttsg,https://unsplash.com/photos/an-aerial-view-of-a-lush-green-valley-HobTanxdqMI
a-group-of-boats-floating-on-top-of-a-body-of-water-ztMmeP4b4g0.jpg,a group of boats floating on top of a body of water,Andy Bridge,https://unsplash.com/@andybridge,https://unsplash.com/photos/a-group-of-boats-floating-on-top-of-a-body-of-water-ztMmeP4b4g0
a-vietnam-airlines-plane-is-taking-off-QHeM1MX7-IM.jpg,A vietnam airlines plane is taking off.,David Syphers,https://unsplash.com/@dsyphers,https://unsplash.com/photos/a-vietnam-airlines-plane-is-taking-off-QHeM1MX7-IM
a-building-sitting-on-top-of-a-lake-surrounded-by-mountains-SD4LUDsizl0.jpg,A building sitting on top of a lake surrounded by mountains,Jamison Cameron,https://unsplash.com/@jammytheswan,https://unsplash.com/photos/a-building-sitting-on-top-of-a-lake-surrounded-by-mountains-SD4LUDsizl0
a-group-of-people-walking-down-a-street-next-to-parked-motorcycles-r-ByS7FCQwM.jpg,A group of people walking down a street next to parked motorcycles,Daniel Stiel,https://unsplash.com/@danielstiel,https://unsplash.com/photos/a-group-of-people-walking-down-a-street-next-to-parked-motorcycles-r-ByS7FCQwM
a-couple-taking-a-picture-in-front-of-a-castle-a6m8q26T7s0.jpg,A couple taking a picture in front of a castle,Vivu Vietnam,https://unsplash.com/@bttsg,https://unsplash.com/photos/a-couple-taking-a-picture-in-front-of-a-castle-a6m8q26T7s0
a-turquoise-airplane-ascending-against-a-gradient-sky-qTMVGxfGTbo.jpg,A turquoise airplane ascending against a gradient sky.,Hieu,https://unsplash.com/@thehncreative,https://unsplash.com/photos/a-turquoise-airplane-ascending-against-a-gradient-sky-qTMVGxfGTbo
a-large-building-with-a-clock-on-the-front-of-it-qdpyOEGi8nI.jpg,a large building with a clock on the front of it,l ch,https://unsplash.com/@lcaohoanq,https://unsplash.com/photos/a-large-building-with-a-clock-on-the-front-of-it-qdpyOEGi8nI
parked-gray-and-red-front-trike-qJXGIsF_wwo.jpg,parked gray and red front trike,Chang Duong,https://unsplash.com/@iamchang,https://unsplash.com/photos/parked-gray-and-red-front-trike-qJXGIsF_wwo
people-on-beach-during-daytime-ntI2PptGRJQ.jpg,people on beach during daytime,VENUS MAJOR,https://unsplash.com/@venusmajor,https://unsplash.com/photos/people-on-beach-during-daytime-ntI2PptGRJQ
family-sitting-on-brown-wooden-bench-during-daytime-OLuTnePDR14.jpg,family sitting on brown wooden bench during daytime,Lê Tân,https://unsplash.com/@ktsfish,https://unsplash.com/photos/family-sitting-on-brown-wooden-bench-during-daytime-OLuTnePDR14
people-walking-on-street-during-daytime-6nuUbGOcXbs.jpg,people walking on street during daytime,David Emrich,https://unsplash.com/@davidemrich,https://unsplash.com/photos/people-walking-on-street-during-daytime-6nuUbGOcXbs
a-bunch-of-lanterns-are-lit-up-in-the-dark-oBVH5LSpWXE.jpg,a bunch of lanterns are lit up in the dark,Rebecca N.,https://unsplash.com/@cozyroamers,https://unsplash.com/photos/a-bunch-of-lanterns-are-lit-up-in-the-dark-oBVH5LSpWXE
cars-on-road-near-buildings-during-sunset-hgH21C7PhHo.jpg,cars on road near buildings during sunset,Dang Cong,https://unsplash.com/@dangcong,https://unsplash.com/photos/cars-on-road-near-buildings-during-sunset-hgH21C7PhHo
woman-in-white-shirt-and-blue-denim-jeans-standing-on-brown-wooden-boat-on-lake-during-a_OJuyyxKk8.jpg,woman in white shirt and blue denim jeans standing on brown wooden boat on lake during,Remi Moebs,https://unsplash.com/@rmoebs,https://unsplash.com/photos/woman-in-white-shirt-and-blue-denim-jeans-standing-on-brown-wooden-boat-on-lake-during-a_OJuyyxKk8
green-trees-on-green-grass-field-near-mountain-during-daytime-aY79r_CJAEo.jpg,green trees on green grass field near mountain during daytime,Jack Young,https://unsplash.com/@jackyoung,https://unsplash.com/photos/green-trees-on-green-grass-field-near-mountain-during-daytime-aY79r_CJAEo
silhouette-of-mountains-under-cloudy-sky-wE3hiKhAbuE.jpg,silhouette of mountains under cloudy sky,Elettra Stefani,https://unsplash.com/@elettra_s88,https://unsplash.com/photos/silhouette-of-mountains-under-cloudy-sky-wE3hiKhAbuE
grilled-meat-on-black-tray-JgyL_UpzNas.jpg,grilled meat on black tray,Quang Hoang,https://unsplash.com/@drewhoangphoto,https://unsplash.com/photos/grilled-meat-on-black-tray-JgyL_UpzNas
brown-wooden-bridge-under-blue-sky-during-daytime-e1jiUWxjG_w.jpg,brown wooden bridge under blue sky during daytime,Sandip Roy,https://unsplash.com/@sandiproy_kolkata,https://unsplash.com/photos/brown-wooden-bridge-under-blue-sky-during-daytime-e1jiUWxjG_w
pink-concrete-buildings-gY197uZy6G0.jpg,pink concrete buildings,Lumi W,https://unsplash.com/@lumiwh,https://unsplash.com/photos/pink-concrete-buildings-gY197uZy6G0
a-bunch-of-boats-that-are-sitting-in-the-water-F7b8b6jMijU.jpg,A bunch of boats that are sitting in the water,Antonio Araujo,https://unsplash.com/@antonioaaaraujo,https://unsplash.com/photos/a-bunch-of-boats-that-are-sitting-in-the-water-F7b8b6jMijU
red-and-white-boat-on-river-near-green-mountain-under-white-clouds-during-daytime-aXVb-OcEGkg.jpg,red and white boat on river near green mountain under white clouds during daytime,Martijn Vonk,https://unsplash.com/@vonkm737,https://unsplash.com/photos/red-and-white-boat-on-river-near-green-mountain-under-white-clouds-during-daytime-aXVb-OcEGkg
vibrant-red-temple-complex-nestled-in-lush-green-hills-ZMkRpHNyBIU.jpg,Vibrant red temple complex nestled in lush green hills,Ba Vang Pagoda,https://unsplash.com/@bavangpagoda,https://unsplash.com/photos/vibrant-red-temple-complex-nestled-in-lush-green-hills-ZMkRpHNyBIU
selective-focus-photography-of-stick-decors-yLeOI9fZvLw.jpg,selective focus photography of stick decors,Josh Ellwood,https://unsplash.com/@jeshcom,https://unsplash.com/photos/selective-focus-photography-of-stick-decors-yLeOI9fZvLw
colorful-buildings-line-a-canal-with-a-bridge-SJSbL1evhIc.jpg,Colorful buildings line a canal with a bridge.,Ondrej Bocek,https://unsplash.com/@ondrejbocek,https://unsplash.com/photos/colorful-buildings-line-a-canal-with-a-bridge-SJSbL1evhIc
woman-driving-bike-_P4j1ksQcx8.jpg,woman driving bike,Minh Pham,https://unsplash.com/@minhphamdesign,https://unsplash.com/photos/woman-driving-bike-_P4j1ksQcx8
brown-wooden-house-near-green-trees-under-blue-sky-during-daytime-eZbxM176E2c.jpg,brown wooden house near green trees under blue sky during daytime,Polina Rytova,https://unsplash.com/@polina_art,https://unsplash.com/photos/brown-wooden-house-near-green-trees-under-blue-sky-during-daytime-eZbxM176E2c
boats-in-islet-XMdhnFTaZ8c.jpg,boats in islet,Andrzej Suwara,https://unsplash.com/@andrzejsuwara,https://unsplash.com/photos/boats-in-islet-XMdhnFTaZ8c
a-flag-from-a-window-jIEqx6foAZE.jpg,a flag from a window,NATasha Nguyen,https://unsplash.com/@nat13ng,https://unsplash.com/photos/a-flag-from-a-window-jIEqx6foAZE
bundle-of-assorted-vegetable-lot-xMh_ww8HN_Q.jpg,bundle of assorted vegetable lot,Megan Thomas,https://unsplash.com/@organicdesignco,https://unsplash.com/photos/bundle-of-assorted-vegetable-lot-xMh_ww8HN_Q
a-group-of-small-boats-floating-on-top-of-a-large-body-of-water-_qIWkDhvRdc.jpg,a group of small boats floating on top of a large body of water,Ryan Le,https://unsplash.com/@ryan_le,https://unsplash.com/photos/a-group-of-small-boats-floating-on-top-of-a-large-body-of-water-_qIWkDhvRdc
a-view-of-a-city-with-a-mountain-in-the-background-oLF2wOjnhlg.jpg,A view of a city with a mountain in the background,Nik V,https://unsplash.com/@nickverm,https://unsplash.com/photos/a-view-of-a-city-with-a-mountain-in-the-background-oLF2wOjnhlg
blue-and-white-passenger-plane-XrdJQfNuJvo.jpg,blue and white passenger plane,Helmar Baechle,https://unsplash.com/@uspekhi,https://unsplash.com/photos/blue-and-white-passenger-plane-XrdJQfNuJvo
white-and-brown-boat-on-water-near-houses-during-daytime-ai_mpqLXBTc.jpg,white and brown boat on water near houses during daytime,Peter Borter,https://unsplash.com/@peter_borter,https://unsplash.com/photos/white-and-brown-boat-on-water-near-houses-during-daytime-ai_mpqLXBTc
a-group-of-people-walking-down-a-street-next-to-tall-buildings-Sh20-BT6XLA.jpg,a group of people walking down a street next to tall buildings,bovin wook,https://unsplash.com/@bovinwook,https://unsplash.com/photos/a-group-of-people-walking-down-a-street-next-to-tall-buildings-Sh20-BT6XLA
person-holding-banknotes-9oHlADjtBTQ.jpg,person holding banknotes,Niels Steeman,https://unsplash.com/@nielssteeman,https://unsplash.com/photos/person-holding-banknotes-9oHlADjtBTQ
a-man-riding-a-motorcycle-down-a-curvy-road-D_kEUPkLwc4.jpg,a man riding a motorcycle down a curvy road,Duc Van,https://unsplash.com/@duke91,https://unsplash.com/photos/a-man-riding-a-motorcycle-down-a-curvy-road-D_kEUPkLwc4
a-row-of-red-and-yellow-flags-hanging-from-a-tree-A4ua_3EptfM.jpg,A row of red and yellow flags hanging from a tree,erika m,https://unsplash.com/@epsika,https://unsplash.com/photos/a-row-of-red-and-yellow-flags-hanging-from-a-tree-A4ua_3EptfM
brown-buildings-with-vietnam-flag-on-roof-under-blue-and-white-sky-during-daytime-JqNpAy4-ggI.jpg,brown buildings with Vietnam flag on roof under blue and white sky during daytime,Roméo A.,https://unsplash.com/@gronemo,https://unsplash.com/photos/brown-buildings-with-vietnam-flag-on-roof-under-blue-and-white-sky-during-daytime-JqNpAy4-ggI
a-couple-of-people-riding-motorcycles-down-a-road-4nsPVrXk_DU.jpg,a couple of people riding motorcycles down a road,Mike,https://unsplash.com/@tranvanvosongtoanquan,https://unsplash.com/photos/a-couple-of-people-riding-motorcycles-down-a-road-4nsPVrXk_DU
a-group-of-people-standing-in-front-of-a-wall-of-lights-oi1GQVgO5oQ.jpg,A group of people standing in front of a wall of lights,Michael Lock,https://unsplash.com/@milo_photo,https://unsplash.com/photos/a-group-of-people-standing-in-front-of-a-wall-of-lights-oi1GQVgO5oQ
a-view-of-a-mountain-range-covered-in-clouds-xrZq1nGHQ8o.jpg,a view of a mountain range covered in clouds,Vinh Thang,https://unsplash.com/@vinhthang,https://unsplash.com/photos/a-view-of-a-mountain-range-covered-in-clouds-xrZq1nGHQ8o
low-angle-photography-of-red-flag-on-top-of-a-tower-vE2LeGu6buo.jpg,low-angle photography of red flag on top of a tower,kris,https://unsplash.com/@leafybirdy,https://unsplash.com/photos/low-angle-photography-of-red-flag-on-top-of-a-tower-vE2LeGu6buo
an-airplane-is-at-the-airport-near-the-control-tower-93D_WlTeiyc.jpg,An airplane is at the airport near the control tower.,Hieu,https://unsplash.com/@thehncreative,https://unsplash.com/photos/an-airplane-is-at-the-airport-near-the-control-tower-93D_WlTeiyc
people-in-market-during-daytime-QH0Y2aYUZGw.jpg,people in market during daytime,Jack Young,https://unsplash.com/@jackyoung,https://unsplash.com/photos/people-in-market-during-daytime-QH0Y2aYUZGw
a-bunch-of-boats-that-are-sitting-in-the-water-brt6xPmKdQc.jpg,a bunch of boats that are sitting in the water,Zuyet Awarmatik,https://unsplash.com/@zuyetawarmatik,https://unsplash.com/photos/a-bunch-of-boats-that-are-sitting-in-the-water-brt6xPmKdQc
orange-and-red-round-fruits-on-black-round-tray-7K64kQrcsxU.jpg,orange and red round fruits on black round tray,Dang Cong,https://unsplash.com/@dangcong,https://unsplash.com/photos/orange-and-red-round-fruits-on-black-round-tray-7K64kQrcsxU
a-body-of-water-with-a-boat-in-it-xL2txyyBhYU.jpg,a body of water with a boat in it,Hoang Alice,https://unsplash.com/@alicehoang2002,https://unsplash.com/photos/a-body-of-water-with-a-boat-in-it-xL2txyyBhYU
a-sandy-beach-with-people-on-it-and-a-city-in-the-background-BlYE8b80UHo.jpg,a sandy beach with people on it and a city in the background,Phuc Le,https://unsplash.com/@phucle20004,https://unsplash.com/photos/a-sandy-beach-with-people-on-it-and-a-city-in-the-background-BlYE8b80UHo
a-colorful-market-is-filled-with-various-fruits-vxvwh4YSbcU.jpg,A colorful market is filled with various fruits.,Ondrej Bocek,https://unsplash.com/@ondrejbocek,https://unsplash.com/photos/a-colorful-market-is-filled-with-various-fruits-vxvwh4YSbcU
a-lush-green-field-with-mountains-in-the-background-MkIByKjazns.jpg,a lush green field with mountains in the background,Dũng Huỳnh,https://unsplash.com/@dunghuynh,https://unsplash.com/photos/a-lush-green-field-with-mountains-in-the-background-MkIByKjazns
cityscape-at-night-with-festive-illuminated-buildings-xKBKVtq2aMM.jpg,Cityscape at night with festive illuminated buildings.,Thompson Le,https://unsplash.com/@thomspon_le,https://unsplash.com/photos/cityscape-at-night-with-festive-illuminated-buildings-xKBKVtq2aMM
a-group-of-people-in-clothing-on-a-stage-0olM0GjreGY.jpg,a group of people in clothing on a stage,Van Xuan,https://unsplash.com/@tex_forteetoo,https://unsplash.com/photos/a-group-of-people-in-clothing-on-a-stage-0olM0GjreGY
a-scenic-view-of-mountains-and-a-road-Ei7mGIWFlt4.jpg,a scenic view of mountains and a road,Ryan Le,https://unsplash.com/@ryan_le,https://unsplash.com/photos/a-scenic-view-of-mountains-and-a-road-Ei7mGIWFlt4
a-river-filled-with-lots-of-boats-next-to-a-city-0TZs8J-3GGU.jpg,a river filled with lots of boats next to a city,Tan Dao,https://unsplash.com/@tandeeptry,https://unsplash.com/photos/a-river-filled-with-lots-of-boats-next-to-a-city-0TZs8J-3GGU
a-group-of-people-riding-motorcycles-down-a-street-eDGbXQwO62Q.jpg,a group of people riding motorcycles down a street,Leonie Clough,https://unsplash.com/@leoniec,https://unsplash.com/photos/a-group-of-people-riding-motorcycles-down-a-street-eDGbXQwO62Q
a-group-of-statues-of-people-and-elephants-GdARlZF9_X0.jpg,a group of statues of people and elephants,Thuỷ Nguyễn,https://unsplash.com/@sterlingvn,https://unsplash.com/photos/a-group-of-statues-of-people-and-elephants-GdARlZF9_X0
people-walking-on-street-during-night-time-u4nB3cUejyk.jpg,people walking on street during night time,CreateTravel.tv,https://unsplash.com/@greenmarketing,https://unsplash.com/photos/people-walking-on-street-during-night-time-u4nB3cUejyk
a-small-boat-floating-on-top-of-a-large-body-of-water-qtSeoxPJ35E.jpg,a small boat floating on top of a large body of water,Phương Nhi,https://unsplash.com/@pieterestmp4,https://unsplash.com/photos/a-small-boat-floating-on-top-of-a-large-body-of-water-qtSeoxPJ35E
woman-sitting-beside-the-mountain-bike-6rWreMbtbb0.jpg,woman sitting beside the mountain bike,Linh Pham,https://unsplash.com/@linharex,https://unsplash.com/photos/woman-sitting-beside-the-mountain-bike-6rWreMbtbb0
a-group-of-airplanes-parked-on-a-runway-nc8Yc3GVHvg.jpg,a group of airplanes parked on a runway,Trung Cao,https://unsplash.com/@trungcao,https://unsplash.com/photos/a-group-of-airplanes-parked-on-a-runway-nc8Yc3GVHvg
aerial-photography-of-buildings-uwOzFyVwsaw.jpg,aerial photography of buildings,Anz Design,https://unsplash.com/@anzdesign,https://unsplash.com/photos/aerial-photography-of-buildings-uwOzFyVwsaw
green-grass-field-under-white-sky-during-daytime-VJbseMmTwgA.jpg,green grass field under white sky during daytime,Jack Young,https://unsplash.com/@jackyoung,https://unsplash.com/photos/green-grass-field-under-white-sky-during-daytime-VJbseMmTwgA
a-group-of-people-waiting-for-a-train-at-a-train-station-_kI9ixdii54.jpg,A group of people waiting for a train at a train station,Khanh Nguyen,https://unsplash.com/@thejourneyofframes,https://unsplash.com/photos/a-group-of-people-waiting-for-a-train-at-a-train-station-_kI9ixdii54
aerial-view-of-city-during-daytime-mZ9UNtdwrlo.jpg,aerial view of city during daytime,Khanh Tran,https://unsplash.com/@transam,https://unsplash.com/photos/aerial-view-of-city-during-daytime-mZ9UNtdwrlo
a-motorcycle-parked-on-the-side-of-a-road-HqhxKAvhuAA.jpg,a motorcycle parked on the side of a road,Nicole Geri,https://unsplash.com/@nicolegeri,https://unsplash.com/photos/a-motorcycle-parked-on-the-side-of-a-road-HqhxKAvhuAA
a-person-holding-a-bowl-of-food-qTel7k0zDzU.jpg,a person holding a bowl of food,Ho Toan,https://unsplash.com/@hbt79,https://unsplash.com/photos/a-person-holding-a-bowl-of-food-qTel7k0zDzU
brown-road-path-surrounded-with-green-grass-and-trees-wjejpiWRAKk.jpg,brown road path surrounded with green grass and trees,Duc Thanh,https://unsplash.com/@shus295,https://unsplash.com/photos/brown-road-path-surrounded-with-green-grass-and-trees-wjejpiWRAKk
white-house-between-two-cliffs-8MhejqEghLk.jpg,white house between two cliffs,Ruslan Bardash,https://unsplash.com/@ruslanbardash,https://unsplash.com/photos/white-house-between-two-cliffs-8MhejqEghLk
birds-eye-view-of-beach-line-v63UL8s28Ew.jpg,bird's eye view of beach line,Kiril Dobrev,https://unsplash.com/@kirildobrev,https://unsplash.com/photos/birds-eye-view-of-beach-line-v63UL8s28Ew
white-and-red-paper-lanterns-qDZ-Xd8dX6w.jpg,white and red paper lanterns,Steffen Bertram,https://unsplash.com/@steffen_bertram,https://unsplash.com/photos/white-and-red-paper-lanterns-qDZ-Xd8dX6w
four-wooden-boat-on-teal-sea-5F_c9i3JP0I.jpg,four wooden boat on teal sea,Jakob Owens,https://unsplash.com/@jakobowens1,https://unsplash.com/photos/four-wooden-boat-on-teal-sea-5F_c9i3JP0I
person-sitting-on-boat-surrounded-with-trees-5cVnZ5fgipc.jpg,person sitting on boat surrounded with trees,Constant Loubier,https://unsplash.com/@constant_lb,https://unsplash.com/photos/person-sitting-on-boat-surrounded-with-trees-5cVnZ5fgipc
green-mountains-under-white-clouds-during-daytime-VeZ2r709sbw.jpg,green mountains under white clouds during daytime,Lydia Casey,https://unsplash.com/@lydiacasey,https://unsplash.com/photos/green-mountains-under-white-clouds-during-daytime-VeZ2r709sbw
city-building-photo-eilpDNi_pV4.jpg,city building photo,Tron Le,https://unsplash.com/@tronle_sg,https://unsplash.com/photos/city-building-photo-eilpDNi_pV4
a-group-of-boats-floating-on-top-of-a-large-body-of-water-QDc91G5Yc2w.jpg,a group of boats floating on top of a large body of water,Anmol Bindra,https://unsplash.com/@anmolbindra_,https://unsplash.com/photos/a-group-of-boats-floating-on-top-of-a-large-body-of-water-QDc91G5Yc2w
rocks-on-body-of-water-UP3pjHKx0ts.jpg,rocks on body of water,Cole Keister,https://unsplash.com/@coleito,https://unsplash.com/photos/rocks-on-body-of-water-UP3pjHKx0ts
scenery-of-rice-fields-ggQy5lGtwb0.jpg,scenery of rice fields,Peter Hammer,https://unsplash.com/@peterham,https://unsplash.com/photos/scenery-of-rice-fields-ggQy5lGtwb0
a-flag-on-a-tower-ArAEr4cSZcA.jpg,a flag on a tower,Matt Brown,https://unsplash.com/@mattthebrown,https://unsplash.com/photos/a-flag-on-a-tower-ArAEr4cSZcA
a-bridge-that-has-a-bunch-of-rocks-on-it-75xaDeTMjfA.jpg,A bridge that has a bunch of rocks on it,Jess Silaya,https://unsplash.com/@jesssilaya,https://unsplash.com/photos/a-bridge-that-has-a-bunch-of-rocks-on-it-75xaDeTMjfA
a-bunch-of-lanterns-that-are-hanging-from-a-tree-nj70WidlPjc.jpg,a bunch of lanterns that are hanging from a tree,Hieu Do Quang,https://unsplash.com/@magicaleye7,https://unsplash.com/photos/a-bunch-of-lanterns-that-are-hanging-from-a-tree-nj70WidlPjc
photo-of-gray-arch-scenery-eulrjCUI7Eo.jpg,photo of gray arch scenery,Gian-Reto Tarnutzer,https://unsplash.com/@reto_gian,https://unsplash.com/photos/photo-of-gray-arch-scenery-eulrjCUI7Eo
a-large-group-of-people-standing-on-top-of-a-mountain-XtSg__lMT3k.jpg,a large group of people standing on top of a mountain,Vivu Vietnam,https://unsplash.com/@bttsg,https://unsplash.com/photos/a-large-group-of-people-standing-on-top-of-a-mountain-XtSg__lMT3k
person-standing-and-wearing-conical-hat-HX3LO5lCqnY.jpg,person standing and wearing conical hat,Katherine McCormack,https://unsplash.com/@kathymack,https://unsplash.com/photos/person-standing-and-wearing-conical-hat-HX3LO5lCqnY
a-bridge-that-has-a-giant-hand-on-it-LX1L-byTpTA.jpg,a bridge that has a giant hand on it,Nag,https://unsplash.com/@timeless_postcards,https://unsplash.com/photos/a-bridge-that-has-a-giant-hand-on-it-LX1L-byTpTA
a-person-holding-a-basket-of-food-gXoGlzZKtjU.jpg,a person holding a basket of food,Tom Morbey,https://unsplash.com/@tommorbey,https://unsplash.com/photos/a-person-holding-a-basket-of-food-gXoGlzZKtjU
gray-high-rise-buildings-under-gray-clouds-during-golden-hour-XZHK8gR1xh4.jpg,gray high-rise buildings under gray clouds during golden hour,Minh Luu (Minhluu.com & AA+Photography),https://unsplash.com/@luuquangminh,https://unsplash.com/photos/gray-high-rise-buildings-under-gray-clouds-during-golden-hour-XZHK8gR1xh4
a-lush-green-hillside-covered-in-lots-of-green-grass-98g7OAwlWy0.jpg,A lush green hillside covered in lots of green grass,Vivu Vietnam,https://unsplash.com/@bttsg,https://unsplash.com/photos/a-lush-green-hillside-covered-in-lots-of-green-grass-98g7OAwlWy0
a-view-of-a-city-at-night-from-across-the-water-3s8cjGDkrzw.jpg,a view of a city at night from across the water,Nhat Tien Huynh,https://unsplash.com/@hnt__4,https://unsplash.com/photos/a-view-of-a-city-at-night-from-across-the-water-3s8cjGDkrzw
people-between-city-buildings-at-night-CIMx-ymiuiI.jpg,people between city buildings at night,Georgios Domouchtsidis,https://unsplash.com/@geodomou,https://unsplash.com/photos/people-between-city-buildings-at-night-CIMx-ymiuiI
an-aerial-view-of-a-city-with-a-fountain-EJ8UwPfn7P0.jpg,an aerial view of a city with a fountain,Vivu Vietnam,https://unsplash.com/@bttsg,https://unsplash.com/photos/an-aerial-view-of-a-city-with-a-fountain-EJ8UwPfn7P0
a-lake-with-a-pavilion-in-the-middle-of-it-DM0h0jsLqTg.jpg,a lake with a pavilion in the middle of it,Jean-Baptiste NORE,https://unsplash.com/@jeanbaptistenore,https://unsplash.com/photos/a-lake-with-a-pavilion-in-the-middle-of-it-DM0h0jsLqTg
a-close-up-of-a-cave-KB3r2qbAj4o.jpg,a close up of a cave,Andrew Svk,https://unsplash.com/@andrew_svk,https://unsplash.com/photos/a-close-up-of-a-cave-KB3r2qbAj4o
a-large-metal-object-on-top-of-a-hill-AguKum837Ic.jpg,A large metal object on top of a hill,User_Pascal,https://unsplash.com/@user_pascal,https://unsplash.com/photos/a-large-metal-object-on-top-of-a-hill-AguKum837Ic
group-of-people-riding-on-canoe-N4nqa6bc7n0.jpg,group of people riding on canoe,Tomáš Malík,https://unsplash.com/@malcoo,https://unsplash.com/photos/group-of-people-riding-on-canoe-N4nqa6bc7n0
white-watercraft-on-body-of-water-EqQ9oQ0bLis.jpg,white watercraft on body of water,Ryan Waring,https://unsplash.com/@ryanwaring,https://unsplash.com/photos/white-watercraft-on-body-of-water-EqQ9oQ0bLis
woman-carrying-basket-with-vegetables-L5mvKk4vi8A.jpg,woman carrying basket with vegetables,Alice Young,https://unsplash.com/@youngalicesalvatore,https://unsplash.com/photos/woman-carrying-basket-with-vegetables-L5mvKk4vi8A
a-giant-hand-that-is-on-top-of-a-bridge-4hLvtOiZJzg.jpg,A giant hand that is on top of a bridge,Prasopchok,https://unsplash.com/@gotburied,https://unsplash.com/photos/a-giant-hand-that-is-on-top-of-a-bridge-4hLvtOiZJzg
green-trees-beside-body-of-water-during-daytime-M3H_O8S3cT8.jpg,green trees beside body of water during daytime,Ben Peacock,https://unsplash.com/@benoliverpeacock,https://unsplash.com/photos/green-trees-beside-body-of-water-during-daytime-M3H_O8S3cT8
red-and-white-boat-on-sea-during-daytime-OmjAuwbRlWE.jpg,red and white boat on sea during daytime,Hà Nguyễn,https://unsplash.com/@lavinhha,https://unsplash.com/photos/red-and-white-boat-on-sea-during-daytime-OmjAuwbRlWE
man-in-brown-shirt-and-blue-denim-jeans-riding-on-boat-during-daytime-nT0DsYcXbbY.jpg,man in brown shirt and blue denim jeans riding on boat during daytime,Gary Cacciatore,https://unsplash.com/@garycacciatore,https://unsplash.com/photos/man-in-brown-shirt-and-blue-denim-jeans-riding-on-boat-during-daytime-nT0DsYcXbbY
lighted-chinese-lanterns-hanged-on-rope-mYNGbkIBIGM.jpg,lighted Chinese lanterns hanged on rope,Steven Wilcox,https://unsplash.com/@stevenewilcox,https://unsplash.com/photos/lighted-chinese-lanterns-hanged-on-rope-mYNGbkIBIGM
people-riding-boat-on-river-near-mountain-during-daytime-hUPK0QCg-y0.jpg,people riding boat on river near mountain during daytime,Thai Tong,https://unsplash.com/@thaitong,https://unsplash.com/photos/people-riding-boat-on-river-near-mountain-during-daytime-hUPK0QCg-y0
body-of-water-near-mountain-during-daytime-p3zbb3Efczw.jpg,body of water near mountain during daytime,Lewis J Goetz,https://unsplash.com/@lgoetz,https://unsplash.com/photos/body-of-water-near-mountain-during-daytime-p3zbb3Efczw
building-during-day-n-3GwWWjbvE.jpg,building during day,moerwijk,https://unsplash.com/@moerwijk,https://unsplash.com/photos/building-during-day-n-3GwWWjbvE
brown-wooden-house-on-lake-near-mountain-during-daytime-tMedhCbS3pY.jpg,brown wooden house on lake near mountain during daytime,Nguyen Bui,https://unsplash.com/@renichinguyen,https://unsplash.com/photos/brown-wooden-house-on-lake-near-mountain-during-daytime-tMedhCbS3pY
a-group-of-boats-floating-on-top-of-a-body-of-water-xIgu_NOcSDg.jpg,a group of boats floating on top of a body of water,Duc Nguyen,https://unsplash.com/@thewhatd,https://unsplash.com/photos/a-group-of-boats-floating-on-top-of-a-body-of-water-xIgu_NOcSDg
gray-concrete-building-under-blue-sky-during-daytime-1Q4vaiM7I_0.jpg,gray concrete building under blue sky during daytime,Thanh Hoang Tieu,https://unsplash.com/@heyden_siu,https://unsplash.com/photos/gray-concrete-building-under-blue-sky-during-daytime-1Q4vaiM7I_0
person-sitting-on-bench-in-front-of-commuter-bike-9j1hXX8jO1I.jpg,person sitting on bench in front of commuter bike,Lukasz Saczek,https://unsplash.com/@jebacunsplash1,https://unsplash.com/photos/person-sitting-on-bench-in-front-of-commuter-bike-9j1hXX8jO1I
man-riding-on-boat-with-lights-7e8jSjZPEBM.jpg,man riding on boat with lights,Ha Jang,https://unsplash.com/@hajang,https://unsplash.com/photos/man-riding-on-boat-with-lights-7e8jSjZPEBM
person-in-brown-jacket-holding-brown-hat-Xpi2xhIc3Os.jpg,person in brown jacket holding brown hat,Matias Malka,https://unsplash.com/@matiasmalka,https://unsplash.com/photos/person-in-brown-jacket-holding-brown-hat-Xpi2xhIc3Os
black-rock-formation-ohQh_p2b36Y.jpg,black rock formation,moerwijk,https://unsplash.com/@moerwijk,https://unsplash.com/photos/black-rock-formation-ohQh_p2b36Y
people-sitting-on-boats-vkJyIXLHvIE.jpg,people sitting on boats,Anne Lin,https://unsplash.com/@anne84831,https://unsplash.com/photos/people-sitting-on-boats-vkJyIXLHvIE
tiered-rice-field-view-during-daytime-BTv0K50c_4M.jpg,tiered rice field view during daytime,siamak djamei,https://unsplash.com/@siamak,https://unsplash.com/photos/tiered-rice-field-view-during-daytime-BTv0K50c_4M
a-woman-in-an-orange-dress-holding-a-large-rock-L7TNRmG7zjA.jpg,a woman in an orange dress holding a large rock,Fuu J,https://unsplash.com/@fuuj,https://unsplash.com/photos/a-woman-in-an-orange-dress-holding-a-large-rock-L7TNRmG7zjA
green-palm-trees-near-beach-umbrellas-during-daytime-DxKMiUXirxg.jpg,green palm trees near beach umbrellas during daytime,allPhoto Bangkok,https://unsplash.com/@allphotobangkok,https://unsplash.com/photos/green-palm-trees-near-beach-umbrellas-during-daytime-DxKMiUXirxg
people-walking-on-road-between-buildings-HdtIiGcIQtU.jpg,people walking on road between buildings,Tran Phu,https://unsplash.com/@phuhunter142,https://unsplash.com/photos/people-walking-on-road-between-buildings-HdtIiGcIQtU
person-sitting-on-cliff-during-daytime-Vc476sSsj4Y.jpg,person sitting on cliff during daytime,Eila Lifflander,https://unsplash.com/@3ilaliff,https://unsplash.com/photos/person-sitting-on-cliff-during-daytime-Vc476sSsj4Y
people-riding-motorcycle-on-road-near-building-during-daytime-6keOhd7idJo.jpg,people riding motorcycle on road near building during daytime,Elliot Andrews,https://unsplash.com/@elliot_ra8,https://unsplash.com/photos/people-riding-motorcycle-on-road-near-building-during-daytime-6keOhd7idJo
white-boats-on-body-of-water-qXhP_X8EvGc.jpg,white boats on body of water,Amy Rollo,https://unsplash.com/@amyrollo,https://unsplash.com/photos/white-boats-on-body-of-water-qXhP_X8EvGc
a-vietnam-airlines-plane-is-landing-on-a-runway-9tlsPMm2e_Q.jpg,A vietnam airlines plane is landing on a runway.,Hieu,https://unsplash.com/@thehncreative,https://unsplash.com/photos/a-vietnam-airlines-plane-is-landing-on-a-runway-9tlsPMm2e_Q
white-boat-on-body-of-water-during-daytime-0YL3UFYjR_g.jpg,white boat on body of water during daytime,Andreeew Hoang,https://unsplash.com/@andeeew,https://unsplash.com/photos/white-boat-on-body-of-water-during-daytime-0YL3UFYjR_g
a-body-of-water-surrounded-by-mountains-and-trees-ssFu26WmAH0.jpg,A body of water surrounded by mountains and trees,Mark Kuiper,https://unsplash.com/@markkuiper,https://unsplash.com/photos/a-body-of-water-surrounded-by-mountains-and-trees-ssFu26WmAH0
a-group-of-people-sitting-at-tables-in-a-restaurant-WrjXO5ejQ4A.jpg,A group of people sitting at tables in a restaurant,Michael Lock,https://unsplash.com/@milo_photo,https://unsplash.com/photos/a-group-of-people-sitting-at-tables-in-a-restaurant-WrjXO5ejQ4A
brown-and-white-boat-on-water-near-brown-building-during-daytime-sTja0Dx9pyk.jpg,brown and white boat on water near brown building during daytime,Marek Okon,https://unsplash.com/@marekokon,https://unsplash.com/photos/brown-and-white-boat-on-water-near-brown-building-during-daytime-sTja0Dx9pyk
tray-of-tomatoes-n1leIInTofg.jpg,tray of tomatoes,K8,https://unsplash.com/@_k8_,https://unsplash.com/photos/tray-of-tomatoes-n1leIInTofg
woman-carrying-woven-tray-and-white-pail-while-walking-on-wet-market-PEgu_IdF1BM.jpg,woman carrying woven tray and white pail while walking on wet market,Frida Aguilar Estrada,https://unsplash.com/@fridaae29,https://unsplash.com/photos/woman-carrying-woven-tray-and-white-pail-while-walking-on-wet-market-PEgu_IdF1BM
a-group-of-people-standing-on-a-bridge-over-a-body-of-water-qZGdIs5W3LI.jpg,a group of people standing on a bridge over a body of water,Markus Winkler,https://unsplash.com/@markuswinkler,https://unsplash.com/photos/a-group-of-people-standing-on-a-bridge-over-a-body-of-water-qZGdIs5W3LI
a-village-nestled-in-a-valley-surrounded-by-mountains-GE381hCl2L0.jpg,a village nestled in a valley surrounded by mountains,Happysurd Photography,https://unsplash.com/@happysurd,https://unsplash.com/photos/a-village-nestled-in-a-valley-surrounded-by-mountains-GE381hCl2L0
a-group-of-boats-that-are-sitting-in-the-water-SDC707W7fxI.jpg,A group of boats that are sitting in the water,Yusuke Hatano,https://unsplash.com/@sukehatano,https://unsplash.com/photos/a-group-of-boats-that-are-sitting-in-the-water-SDC707W7fxI
incense-on-brown-vases-P-XX-PHSgyw.jpg,incense on brown vases,frank mckenna,https://unsplash.com/@frankiefoto,https://unsplash.com/photos/incense-on-brown-vases-P-XX-PHSgyw
aerial-photography-of-green-grass-field-IRk4gKJQLBI.jpg,aerial photography of green grass field,Silas Baisch,https://unsplash.com/@silasbaisch,https://unsplash.com/photos/aerial-photography-of-green-grass-field-IRk4gKJQLBI
man-holding-motorcycle-on-road-between-buildings-j-d5auG9dy4.jpg,man holding motorcycle on road between buildings,Manh Nghiem,https://unsplash.com/@nghiemmanh198,https://unsplash.com/photos/man-holding-motorcycle-on-road-between-buildings-j-d5auG9dy4
white-and-blue-boats-on-sea-during-daytime--2mmVMKjGXo.jpg,white and blue boats on sea during daytime,Tan Nguyen,https://unsplash.com/@tanny_nguyen,https://unsplash.com/photos/white-and-blue-boats-on-sea-during-daytime--2mmVMKjGXo
a-walkway-with-many-red-and-yellow-flags-hanging-from-the-ceiling-cnkYRlDUwKA.jpg,A walkway with many red and yellow flags hanging from the ceiling,erika m,https://unsplash.com/@epsika,https://unsplash.com/photos/a-walkway-with-many-red-and-yellow-flags-hanging-from-the-ceiling-cnkYRlDUwKA
city-skyline-across-body-of-water-during-daytime-f9AsKQWRmng.jpg,city skyline across body of water during daytime,Pham Truc,https://unsplash.com/@yoon1261,https://unsplash.com/photos/city-skyline-across-body-of-water-during-daytime-f9AsKQWRmng
angkor-wat-cambodia-5pUv8FdsAEY.jpg,"Angkor Wat, Cambodia",Steve Douglas,https://unsplash.com/@sldoug,https://unsplash.com/photos/angkor-wat-cambodia-5pUv8FdsAEY
city-skyline-across-body-of-water-during-night-time-lRpNIhSuetY.jpg,city skyline across body of water during night time,Long Bún,https://unsplash.com/@longbun,https://unsplash.com/photos/city-skyline-across-body-of-water-during-night-time-lRpNIhSuetY
a-lake-with-a-clock-tower-in-the-middle-of-it-l7KZxU2oySo.jpg,a lake with a clock tower in the middle of it,Thuỷ Nguyễn,https://unsplash.com/@sterlingvn,https://unsplash.com/photos/a-lake-with-a-clock-tower-in-the-middle-of-it-l7KZxU2oySo
a-cable-car-is-above-the-clouds-in-the-sky-4yV0yDIOWis.jpg,a cable car is above the clouds in the sky,Vivu Vietnam,https://unsplash.com/@bttsg,https://unsplash.com/photos/a-cable-car-is-above-the-clouds-in-the-sky-4yV0yDIOWis
a-house-in-a-green-field-d8G7Yw-N6XA.jpg,a house in a green field,Can Pham,https://unsplash.com/@phamcan50,https://unsplash.com/photos/a-house-in-a-green-field-d8G7Yw-N6XA
a-couple-of-bowls-of-food-on-a-table-ygbULTajumg.jpg,a couple of bowls of food on a table,Nat.chee Kim,https://unsplash.com/@kim_nat_chee,https://unsplash.com/photos/a-couple-of-bowls-of-food-on-a-table-ygbULTajumg
city-skyline-across-body-of-water-during-daytime-aF36oyxbgB0.jpg,city skyline across body of water during daytime,Leo Cap,https://unsplash.com/@lieucap,https://unsplash.com/photos/city-skyline-across-body-of-water-during-daytime-aF36oyxbgB0
aerial-view-of-city-during-night-time-dtu842bEZuw.jpg,aerial view of city during night time,CreateTravel.tv,https://unsplash.com/@greenmarketing,https://unsplash.com/photos/aerial-view-of-city-during-night-time-dtu842bEZuw
a-beach-with-palm-trees-and-a-boat-in-the-water-IVJVh1v1PVs.jpg,a beach with palm trees and a boat in the water,Vivu Vietnam,https://unsplash.com/@bttsg,https://unsplash.com/photos/a-beach-with-palm-trees-and-a-boat-in-the-water-IVJVh1v1PVs
a-body-of-water-with-rocks-in-the-middle-of-it-LIMMy6U_KjA.jpg,a body of water with rocks in the middle of it,Bro Canvas,https://unsplash.com/@brocanvas,https://unsplash.com/photos/a-body-of-water-with-rocks-in-the-middle-of-it-LIMMy6U_KjA
aerial-view-of-trees-near-ocean-UNnNy0x2g3w.jpg,aerial view of trees near ocean,Tam Mai,https://unsplash.com/@tam_mai,https://unsplash.com/photos/aerial-view-of-trees-near-ocean-UNnNy0x2g3w
people-walking-on-pedestrian-lane-near-white-concrete-building-during-daytime-medNORCsPXM.jpg,people walking on pedestrian lane near white concrete building during daytime,Jeff,https://unsplash.com/@oknotok1,https://unsplash.com/photos/people-walking-on-pedestrian-lane-near-white-concrete-building-during-daytime-medNORCsPXM
forest-trees-photograph-pLWHT92RFg4.jpg,forest trees photograph,vu khoi,https://unsplash.com/@jinkazamah,https://unsplash.com/photos/forest-trees-photograph-pLWHT92RFg4
a-blue-and-white-jet-airliner-on-runway-next-to-water-wtUSP2ZaA-8.jpg,a blue and white jet airliner on runway next to water,Ryuno,https://unsplash.com/@ryuno_2574,https://unsplash.com/photos/a-blue-and-white-jet-airliner-on-runway-next-to-water-wtUSP2ZaA-8
a-river-running-through-a-city-next-to-a-yellow-building-TguuCt67ark.jpg,a river running through a city next to a yellow building,Phú Nguyễn Đạt,https://unsplash.com/@phu99,https://unsplash.com/photos/a-river-running-through-a-city-next-to-a-yellow-building-TguuCt67ark
green-tree-covered-foggy-mountains-69JO5S_5MoE.jpg,green tree covered foggy mountains,Road Trip with Raj,https://unsplash.com/@roadtripwithraj,https://unsplash.com/photos/green-tree-covered-foggy-mountains-69JO5S_5MoE
group-of-people-riding-a-motorcycle-a_89Onshm3I.jpg,group of people riding a motorcycle,Matthew Nolan,https://unsplash.com/@mdnolan,https://unsplash.com/photos/group-of-people-riding-a-motorcycle-a_89Onshm3I
selective-focus-photography-of-brown-house-MMF9iAT37XE.jpg,selective focus photography of brown house,Jonathan Ouimet,https://unsplash.com/@mtlwebdesign,https://unsplash.com/photos/selective-focus-photography-of-brown-house-MMF9iAT37XE
woman-raising-hand-on-mountain-top-rg0zGs5KfaQ.jpg,woman raising hand on mountain top,Darren Lawrence,https://unsplash.com/@wild_away,https://unsplash.com/photos/woman-raising-hand-on-mountain-top-rg0zGs5KfaQ
a-very-large-hand-that-is-on-a-bridge-N55FiihGsJw.jpg,A very large hand that is on a bridge,Erik Fiala,https://unsplash.com/@erikfiala,https://unsplash.com/photos/a-very-large-hand-that-is-on-a-bridge-N55FiihGsJw
a-tall-building-with-a-clock-on-the-top-of-it-GABmM2s3ROs.jpg,a tall building with a clock on the top of it,Tom Tran,https://unsplash.com/@tomtran08,https://unsplash.com/photos/a-tall-building-with-a-clock-on-the-top-of-it-GABmM2s3ROs
lush-green-mountains-rise-against-a-bright-sky-Si7KYlndhh0.jpg,Lush green mountains rise against a bright sky.,Jason Pham,https://unsplash.com/@flying_dutchman_,https://unsplash.com/photos/lush-green-mountains-rise-against-a-bright-sky-Si7KYlndhh0
man-in-yellow-shirt-riding-motorcycle-with-woman-in-yellow-shirt-aM3KBX6twTI.jpg,man in yellow shirt riding motorcycle with woman in yellow shirt,Tron Le,https://unsplash.com/@tronle_sg,https://unsplash.com/photos/man-in-yellow-shirt-riding-motorcycle-with-woman-in-yellow-shirt-aM3KBX6twTI
people-on-beach-during-daytime-ahpAtP89laA.jpg,people on beach during daytime,Tony Pham,https://unsplash.com/@tonyphamvn,https://unsplash.com/photos/people-on-beach-during-daytime-ahpAtP89laA
a-view-of-a-city-with-a-river-running-through-it-wqSeMpRE6R8.jpg,a view of a city with a river running through it,Thuận Minh,https://unsplash.com/@thuankaylias,https://unsplash.com/photos/a-view-of-a-city-with-a-river-running-through-it-wqSeMpRE6R8
aerial-view-of-sea-xCrdGY4Ung4.jpg,aerial view of sea,Darren Nunis,https://unsplash.com/@dnunis,https://unsplash.com/photos/aerial-view-of-sea-xCrdGY4Ung4
a-herd-of-cattle-standing-on-top-of-a-lush-green-field-R0ET7M0uaH8.jpg,A herd of cattle standing on top of a lush green field,Miy Mint,https://unsplash.com/@hymiy,https://unsplash.com/photos/a-herd-of-cattle-standing-on-top-of-a-lush-green-field-R0ET7M0uaH8
mountain-covered-with-clouds-bUhzlj3gGso.jpg,mountain covered with clouds,Andreas Kind,https://unsplash.com/@jxndreas,https://unsplash.com/photos/mountain-covered-with-clouds-bUhzlj3gGso
a-body-of-water-surrounded-by-mountains-and-trees-BDX8WXOQma0.jpg,A body of water surrounded by mountains and trees,Max Smith,https://unsplash.com/@maximo169,https://unsplash.com/photos/a-body-of-water-surrounded-by-mountains-and-trees-BDX8WXOQma0
a-dirt-road-in-the-middle-of-a-lush-green-valley-M-UW-TDyoYs.jpg,a dirt road in the middle of a lush green valley,Giles Freeman,https://unsplash.com/@gilesy,https://unsplash.com/photos/a-dirt-road-in-the-middle-of-a-lush-green-valley-M-UW-TDyoYs
a-group-of-people-in-a-river-E2jYY1GxAzE.jpg,a group of people in a river,Hoang Vu Tuyen,https://unsplash.com/@vutuyenhoang,https://unsplash.com/photos/a-group-of-people-in-a-river-E2jYY1GxAzE
a-wooden-table-topped-with-bowls-of-food-YbLkuFLihDA.jpg,a wooden table topped with bowls of food,Taan Huyn,https://unsplash.com/@taanhuyn,https://unsplash.com/photos/a-wooden-table-topped-with-bowls-of-food-YbLkuFLihDA
a-small-boat-in-the-middle-of-a-large-body-of-water-bfSZ78IHOwQ.jpg,A small boat in the middle of a large body of water,Hưng Phạm,https://unsplash.com/@seoling,https://unsplash.com/photos/a-small-boat-in-the-middle-of-a-large-body-of-water-bfSZ78IHOwQ
a-group-of-people-standing-on-top-of-a-mountain-qe8X02u5O6s.jpg,a group of people standing on top of a mountain,Vivu Vietnam,https://unsplash.com/@bttsg,https://unsplash.com/photos/a-group-of-people-standing-on-top-of-a-mountain-qe8X02u5O6s
a-large-white-flower-sitting-on-top-of-a-lake-iS5r6OU1s1k.jpg,A large white flower sitting on top of a lake,Ronin,https://unsplash.com/@roninkgd,https://unsplash.com/photos/a-large-white-flower-sitting-on-top-of-a-lake-iS5r6OU1s1k
a-large-building-sitting-on-top-of-a-lush-green-field-ElBgnbPL4ME.jpg,a large building sitting on top of a lush green field,Đoàn Thảo,https://unsplash.com/@madelinthao,https://unsplash.com/photos/a-large-building-sitting-on-top-of-a-lush-green-field-ElBgnbPL4ME
a-person-on-a-bicycle-selling-vegetables-EoilWCLfvoU.jpg,a person on a bicycle selling vegetables,Tushar Gidwani,https://unsplash.com/@tushar_oatsstudio,https://unsplash.com/photos/a-person-on-a-bicycle-selling-vegetables-EoilWCLfvoU
a-building-that-is-next-to-a-body-of-water-c49_D1jw9l4.jpg,a building that is next to a body of water,Hau Nguyen,https://unsplash.com/@haunguyen98,https://unsplash.com/photos/a-building-that-is-next-to-a-body-of-water-c49_D1jw9l4
brown-and-white-concrete-building-near-green-trees-during-daytime-KpJ1_47WQPc.jpg,brown and white concrete building near green trees during daytime,Hieu Tran,https://unsplash.com/@hieu309,https://unsplash.com/photos/brown-and-white-concrete-building-near-green-trees-during-daytime-KpJ1_47WQPc
a-large-waterfall-with-lots-of-water-coming-out-of-it-ZiODKwv1IVM.jpg,a large waterfall with lots of water coming out of it,Danila Danilenko,https://unsplash.com/@danilenkodanila,https://unsplash.com/photos/a-large-waterfall-with-lots-of-water-coming-out-of-it-ZiODKwv1IVM
a-group-of-people-riding-bikes-down-a-street-FfYeKZWL_iE.jpg,A group of people riding bikes down a street,Michael Lock,https://unsplash.com/@milo_photo,https://unsplash.com/photos/a-group-of-people-riding-bikes-down-a-street-FfYeKZWL_iE
a-large-island-with-a-tower-FVvvLrF7bUg.jpg,a large island with a tower,Tam Nguyen,https://unsplash.com/@tatanguyen,https://unsplash.com/photos/a-large-island-with-a-tower-FVvvLrF7bUg
a-large-boat-floating-on-top-of-a-large-body-of-water-HKqLxPfrkH8.jpg,a large boat floating on top of a large body of water,Paul Bill,https://unsplash.com/@hoffman11,https://unsplash.com/photos/a-large-boat-floating-on-top-of-a-large-body-of-water-HKqLxPfrkH8
selective-focus-photography-of-woman-on-bridge-qjN810m4NE8.jpg,selective focus photography of woman on bridge,Thanh Tran,https://unsplash.com/@coffee_wanderer,https://unsplash.com/photos/selective-focus-photography-of-woman-on-bridge-qjN810m4NE8
three-clear-drinking-glasses-on-brown-wooden-tray-smBId3S5Keo.jpg,three clear drinking glasses on brown wooden tray,Nguyen Dang Hoang Nhu,https://unsplash.com/@nguyendhn,https://unsplash.com/photos/three-clear-drinking-glasses-on-brown-wooden-tray-smBId3S5Keo
a-group-of-boats-floating-on-top-of-a-large-body-of-water-JUmjXwKyrP8.jpg,a group of boats floating on top of a large body of water,Đăng Nguyễn,https://unsplash.com/@ddawng_nguyenn,https://unsplash.com/photos/a-group-of-boats-floating-on-top-of-a-large-body-of-water-JUmjXwKyrP8
girl-in-multicolored-tribal-dress-sitting-on-brown-rock-crD26kxPNeQ.jpg,girl in multicolored tribal dress sitting on brown rock,Andreea Popa,https://unsplash.com/@elfcodobelf,https://unsplash.com/photos/girl-in-multicolored-tribal-dress-sitting-on-brown-rock-crD26kxPNeQ
a-man-in-a-straw-hat-rowing-a-boat-v0_AV1sgj4k.jpg,A man in a straw hat rowing a boat,Ryan Le,https://unsplash.com/@ryan_le,https://unsplash.com/photos/a-man-in-a-straw-hat-rowing-a-boat-v0_AV1sgj4k
aerial-photography-of-buildings-_BMszxTLuB4.jpg,aerial photography of buildings,Ashim D’Silva,https://unsplash.com/@randomlies,https://unsplash.com/photos/aerial-photography-of-buildings-_BMszxTLuB4
people-celebrate-on-a-bridge-lit-with-lanterns-at-night-AAoCUzB23kE.jpg,People celebrate on a bridge lit with lanterns at night.,Daniele Franchi,https://unsplash.com/@daniele_franchi,https://unsplash.com/photos/people-celebrate-on-a-bridge-lit-with-lanterns-at-night-AAoCUzB23kE
body-of-water-near-mountain-during-daytime--K-afcfpf4M.jpg,body of water near mountain during daytime,Leo Cap,https://unsplash.com/@lieucap,https://unsplash.com/photos/body-of-water-near-mountain-during-daytime--K-afcfpf4M
high-rise-buildings-near-body-of-water-during-daytime-9rxmQKfHz0E.jpg,high rise buildings near body of water during daytime,Ashim D’Silva,https://unsplash.com/@randomlies,https://unsplash.com/photos/high-rise-buildings-near-body-of-water-during-daytime-9rxmQKfHz0E
a-close-up-of-a-tray-of-sandwiches-sCAN9M2uaS0.jpg,a close up of a tray of sandwiches,Vu Nguyen,https://unsplash.com/@vunguyen,https://unsplash.com/photos/a-close-up-of-a-tray-of-sandwiches-sCAN9M2uaS0
a-group-of-people-sitting-at-a-table-in-a-restaurant-uskQ8hyZNgQ.jpg,a group of people sitting at a table in a restaurant,Leohoho,https://unsplash.com/@leohoho,https://unsplash.com/photos/a-group-of-people-sitting-at-a-table-in-a-restaurant-uskQ8hyZNgQ
a-table-full-of-vegetables-Tjsc6PlFkcg.jpg,a table full of vegetables,Hoang Thanh,https://unsplash.com/@lamhoangthanh13,https://unsplash.com/photos/a-table-full-of-vegetables-Tjsc6PlFkcg
green-trees-beside-body-of-water-during-daytime-6vX2E06jKmc.jpg,green trees beside body of water during daytime,Hrijoy Ray Patra,https://unsplash.com/@hrijoy_rp,https://unsplash.com/photos/green-trees-beside-body-of-water-during-daytime-6vX2E06jKmc
people-gathering-on-boat-dock-during-daytime-6lrnBIBUbgg.jpg,people gathering on boat dock during daytime,Tuan Thanh Cao,https://unsplash.com/@tuanct,https://unsplash.com/photos/people-gathering-on-boat-dock-during-daytime-6lrnBIBUbgg
green-palm-trees-near-swimming-pool-during-daytime-McTs3-iLuMY.jpg,green palm trees near swimming pool during daytime,Jamison Cameron,https://unsplash.com/@jammytheswan,https://unsplash.com/photos/green-palm-trees-near-swimming-pool-during-daytime-McTs3-iLuMY
a-blue-and-white-train-traveling-through-a-lush-green-forest-N9jUGz7jQTc.jpg,a blue and white train traveling through a lush green forest,Etienne Girardet,https://unsplash.com/@etiennegirardet,https://unsplash.com/photos/a-blue-and-white-train-traveling-through-a-lush-green-forest-N9jUGz7jQTc
a-wooden-walkway-in-the-middle-of-a-forest-nhAqpg0mW94.jpg,a wooden walkway in the middle of a forest,Akela Biker,https://unsplash.com/@pandachamlo,https://unsplash.com/photos/a-wooden-walkway-in-the-middle-of-a-forest-nhAqpg0mW94
a-grassy-field-with-trees-and-mountains-in-the-background-Fl3bY0hWXv4.jpg,a grassy field with trees and mountains in the background,Pete Walls,https://unsplash.com/@pjwphoto,https://unsplash.com/photos/a-grassy-field-with-trees-and-mountains-in-the-background-Fl3bY0hWXv4
a-bunch-of-red-and-yellow-flags-hanging-from-a-tree-tFHrsHhbyT8.jpg,A bunch of red and yellow flags hanging from a tree,erika m,https://unsplash.com/@epsika,https://unsplash.com/photos/a-bunch-of-red-and-yellow-flags-hanging-from-a-tree-tFHrsHhbyT8
a-woman-standing-on-a-bridge-over-a-body-of-water-7LPtllSbGzc.jpg,a woman standing on a bridge over a body of water,Marina Lobato,https://unsplash.com/@mlobatopl,https://unsplash.com/photos/a-woman-standing-on-a-bridge-over-a-body-of-water-7LPtllSbGzc
people-in-boats-on-a-river-KLtSOio7oVQ.jpg,people in boats on a river,K O,https://unsplash.com/@lkon31,https://unsplash.com/photos/people-in-boats-on-a-river-KLtSOio7oVQ
